-- phpMyAdmin SQL Dump
-- version 5.1.0
-- https://www.phpmyadmin.net/
--
-- Máy chủ: 127.0.0.1
-- Thời gian đã tạo: Th6 16, 2021 lúc 04:42 PM
-- Phiên bản máy phục vụ: 10.4.18-MariaDB
-- Phiên bản PHP: 8.0.3

SET SQL_MODE = "NO_AUTO_VALUE_ON_ZERO";
START TRANSACTION;
SET time_zone = "+00:00";


/*!40101 SET @OLD_CHARACTER_SET_CLIENT=@@CHARACTER_SET_CLIENT */;
/*!40101 SET @OLD_CHARACTER_SET_RESULTS=@@CHARACTER_SET_RESULTS */;
/*!40101 SET @OLD_COLLATION_CONNECTION=@@COLLATION_CONNECTION */;
/*!40101 SET NAMES utf8mb4 */;

--
-- Cơ sở dữ liệu: `motor_store`
--

-- --------------------------------------------------------

--
-- Cấu trúc bảng cho bảng `admins`
--

CREATE TABLE `admins` (
  `admin_id` int(10) NOT NULL,
  `admin_name` varchar(255) NOT NULL,
  `admin_email` varchar(255) NOT NULL,
  `admin_pass` varchar(255) NOT NULL,
  `admin_image` text NOT NULL,
  `admin_contact` varchar(255) NOT NULL
) ENGINE=InnoDB DEFAULT CHARSET=utf8mb4;

--
-- Đang đổ dữ liệu cho bảng `admins`
--

INSERT INTO `admins` (`admin_id`, `admin_name`, `admin_email`, `admin_pass`, `admin_image`, `admin_contact`) VALUES
(1, 'DongVihihi123', 'vidongls12345@gmail.com', '111', 'fs.png', '0399999362'),
(3, 'a', 'dongvi', '1', 'rem.png', 'sdsd');

-- --------------------------------------------------------

--
-- Cấu trúc bảng cho bảng `cart`
--

CREATE TABLE `cart` (
  `cart_id` int(10) NOT NULL,
  `p_id` int(15) NOT NULL,
  `ip_add` varchar(255) NOT NULL,
  `qty` int(15) NOT NULL,
  `color` text NOT NULL
) ENGINE=InnoDB DEFAULT CHARSET=utf8mb4;

-- --------------------------------------------------------

--
-- Cấu trúc bảng cho bảng `categories`
--

CREATE TABLE `categories` (
  `cat_id` int(11) NOT NULL,
  `cat_title` text NOT NULL,
  `cat_desc` text NOT NULL
) ENGINE=InnoDB DEFAULT CHARSET=utf8mb4;

--
-- Đang đổ dữ liệu cho bảng `categories`
--

INSERT INTO `categories` (`cat_id`, `cat_title`, `cat_desc`) VALUES
(1, 'Yamaha', 'Yamaha Motor nỗ lực phấn đấu nhằm hiện thực hóa giấc mơ của mọi khách hàng\r\nvới niềm đam mê và khát khao sáng tạo, luôn đi tiên phong mang lại những sản phẩm\r\ntuyệt hảo và giá trị vượt trội thỏa mãn sự mong đợi của khách hàng.'),
(2, 'Honda', 'Được thành lập vào năm 1996, công ty Honda Việt Nam là liên doanh giữa Công ty Honda Motor (Nhật Bản), Công ty Asian Honda Motor (Thái Lan) và Tổng Công ty Máy Động Lực và Máy Nông nghiệp Việt Nam với 2 ngành sản phẩm chính: xe máy và xe ô tô.'),
(3, 'SYM', 'Công ty hữu hạn chế tạo công nghiệp và gia công chế biến hàng xuất khẩu Việt Nam (VMEP) được thành lập năm 1992. Ban đầu, VMEP do 100% vốn đầu tư của tập đoàn CHINFON, là công ty kinh doanh chế tạo xe máy đầu tiên ở Việt Nam, và do công nghiệp San Yang cung cấp kỹ thuật và thiết kế.'),
(4, 'Others', 'Những loại xe máy khác'),
(6, 'Kawasaki', 'Xe máy Kawasaki được sản xuất bởi bộ phận Xe máy & Động cơ của Công ty Công nghiệp nặng Kawasaki tại các nhà máy ở Nhật Bản, Michigan, Philippines, Ấn Độ, Indonesia, Bangladesh và Thái Lan.');

-- --------------------------------------------------------

--
-- Cấu trúc bảng cho bảng `customers`
--

CREATE TABLE `customers` (
  `customer_id` int(10) NOT NULL,
  `customer_name` varchar(255) NOT NULL,
  `customer_email` varchar(255) NOT NULL,
  `customer_pass` varchar(255) NOT NULL,
  `customer_contact` varchar(255) NOT NULL,
  `customer_address` text NOT NULL,
  `customer_image` text NOT NULL,
  `customer_ip` varchar(100) NOT NULL
) ENGINE=InnoDB DEFAULT CHARSET=utf8mb4;

--
-- Đang đổ dữ liệu cho bảng `customers`
--

INSERT INTO `customers` (`customer_id`, `customer_name`, `customer_email`, `customer_pass`, `customer_contact`, `customer_address`, `customer_image`, `customer_ip`) VALUES
(2, 'Đông Vi', 'vidongls12345@gmail.com', '111', '0399999362', 'Lạng Sơn', 'fs.png', '::1'),
(3, 'test', 'test', '111', 'test', 'test', 'Navy Blue and Black Professional Resume (1).png', '::1'),
(4, 'dongvi', 'dongvi@gmail.com', '123456', '011111111112', 'Sao Hỏa', 'xz3.jpg', '::1');

-- --------------------------------------------------------

--
-- Cấu trúc bảng cho bảng `customer_orders`
--

CREATE TABLE `customer_orders` (
  `order_id` int(10) NOT NULL,
  `customer_id` int(10) NOT NULL,
  `due_amount` int(100) NOT NULL,
  `invoice_no` int(100) NOT NULL,
  `qty` int(10) NOT NULL,
  `color` text NOT NULL,
  `order_date` date NOT NULL,
  `order_status` text NOT NULL
) ENGINE=InnoDB DEFAULT CHARSET=utf8mb4;

--
-- Đang đổ dữ liệu cho bảng `customer_orders`
--

INSERT INTO `customer_orders` (`order_id`, `customer_id`, `due_amount`, `invoice_no`, `qty`, `color`, `order_date`, `order_status`) VALUES
(2, 2, 150000000, 1873815819, 3, 'Đen', '2021-06-14', 'Complete'),
(3, 2, 17300000, 740721774, 1, 'Xanh', '2021-06-15', 'Pending'),
(6, 2, 689990000, 551890375, 1, 'Vàng', '2021-06-15', 'Complete'),
(7, 2, 17300000, 2051146674, 1, 'Đen', '2021-06-15', 'Pending'),
(8, 2, 84990000, 2051146674, 1, 'Xám', '2021-06-15', 'Complete'),
(9, 2, 84990000, 2127179223, 1, 'Đen', '2021-06-15', 'Pending'),
(10, 2, 79900000, 2127179223, 1, 'Xám', '2021-06-15', 'Complete'),
(11, 2, 26200000, 884994088, 1, 'Đen', '2021-06-15', 'Pending'),
(12, 2, 17300000, 884994088, 1, 'Vàng', '2021-06-15', 'Complete'),
(13, 4, 1142200000, 746463734, 2, 'Đen', '2021-06-16', 'Pending'),
(14, 4, 189000000, 746463734, 1, 'Xám', '2021-06-16', 'Complete'),
(15, 4, 473000000, 746463734, 1, 'Vàng', '2021-06-16', 'Pending');

-- --------------------------------------------------------

--
-- Cấu trúc bảng cho bảng `payments`
--

CREATE TABLE `payments` (
  `payment_id` int(10) NOT NULL,
  `invoice_no` int(10) NOT NULL,
  `amount` int(10) NOT NULL,
  `payment_mode` text NOT NULL,
  `ref_no` int(10) NOT NULL,
  `code` int(10) NOT NULL,
  `payment_date` date NOT NULL
) ENGINE=InnoDB DEFAULT CHARSET=utf8mb4;

--
-- Đang đổ dữ liệu cho bảng `payments`
--

INSERT INTO `payments` (`payment_id`, `invoice_no`, `amount`, `payment_mode`, `ref_no`, `code`, `payment_date`) VALUES
(1, 1873815819, 129000000, 'Ngân hàng', 13345, 45654, '2021-06-14'),
(2, 551890375, 26200000, 'Paypall', 234234, 5168, '2021-06-15'),
(3, 2051146674, 17300000, 'Paypall', 234234, 324, '2021-06-15'),
(8, 2051146674, 84990000, 'Visa', 234234, 65318, '2021-06-15'),
(14, 2051146674, 17300000, 'Paypall', 234234, 5168, '2021-06-15'),
(16, 2051146674, 84990000, 'Ngân hàng', 234234, 321, '2021-06-15'),
(18, 884994088, 17300000, 'Ngân hàng', 234234, 324, '2021-06-15'),
(19, 884994088, 26200000, 'Ngân hàng', 324, 5168, '2021-06-15'),
(20, 746463734, 189000000, 'Ngân hàng', 564, 321, '2021-06-16');

-- --------------------------------------------------------

--
-- Cấu trúc bảng cho bảng `pending_orders`
--

CREATE TABLE `pending_orders` (
  `order_id` int(10) NOT NULL,
  `customer_id` int(10) NOT NULL,
  `invoice_no` int(10) NOT NULL,
  `product_id` text NOT NULL,
  `qty` int(10) NOT NULL,
  `color` text NOT NULL,
  `order_status` text NOT NULL
) ENGINE=InnoDB DEFAULT CHARSET=utf8mb4;

--
-- Đang đổ dữ liệu cho bảng `pending_orders`
--

INSERT INTO `pending_orders` (`order_id`, `customer_id`, `invoice_no`, `product_id`, `qty`, `color`, `order_status`) VALUES
(10, 2, 2127179223, '520', 1, 'Xám', 'Complete'),
(11, 2, 884994088, '522', 1, 'Đen', 'Pending'),
(12, 2, 884994088, '521', 1, 'Vàng', 'Complete'),
(13, 4, 746463734, '526', 2, 'Đen', 'Pending'),
(14, 4, 746463734, '529', 1, 'Xám', 'Complete'),
(15, 4, 746463734, '528', 1, 'Vàng', 'Pending');

-- --------------------------------------------------------

--
-- Cấu trúc bảng cho bảng `products`
--

CREATE TABLE `products` (
  `product_id` int(10) NOT NULL,
  `p_cat_id` int(10) NOT NULL,
  `cat_id` int(10) NOT NULL,
  `date` timestamp NOT NULL DEFAULT current_timestamp() ON UPDATE current_timestamp(),
  `product_title` text NOT NULL,
  `product_img1` text NOT NULL,
  `product_img2` text NOT NULL,
  `product_img3` text NOT NULL,
  `product_price` int(15) NOT NULL,
  `product_keywords` text NOT NULL,
  `product_desc` longtext NOT NULL,
  `product_label` text NOT NULL
) ENGINE=InnoDB DEFAULT CHARSET=utf8mb4;

--
-- Đang đổ dữ liệu cho bảng `products`
--

INSERT INTO `products` (`product_id`, `p_cat_id`, `cat_id`, `date`, `product_title`, `product_img1`, `product_img2`, `product_img3`, `product_price`, `product_keywords`, `product_desc`, `product_label`) VALUES
(501, 2, 1, '2021-05-30 14:52:01', 'Yamaha YZF-R3', 'anh1.png', 'anh2.png', 'anh3.jpg', 129000000, 'yamaha', '<p>abc</p>', 'new'),
(502, 2, 1, '2021-05-20 16:58:08', 'EXCITER 155 VVA PHIÊN BẢN TIÊU CHUẨN ', 'Exciter-155-Mat-Red-004-1.png', 'Exciter-155-Mat-Red-005-2.png', 'Exciter-155-Mat-Red-007-1.png', 46990000, 'yamaha', '<p>a</p>', 'new'),
(503, 1, 1, '2021-05-20 17:06:37', 'JUPITER FI', 'Jupiter-GP-004-2.png', 'Jupiter-GP-005-2.png', 'Jupiter-GP-008-1.png', 30000000, 'yamaha', '<p>a</p>', 'new'),
(504, 1, 1, '2021-05-23 16:21:19', 'SIRIUS FI', 'Sirius-Black-Disk-004-2.png', 'Sirius-Blue-Disk-004.png', 'Sirius-Red-Disk-004.png', 21340000, 'yamaha', '<p>a</p>', 'sale'),
(505, 1, 1, '2021-05-20 17:08:39', 'SIRIUS', 's1.png', 's2.png', 's3.png', 21300000, 'yamaha', '<p>a</p>', 'new'),
(506, 3, 1, '2021-05-23 16:21:16', 'SIRIUSGRANDE BLUE CORE HYBRID', 's4.png', 's5.png', 's6.png', 50000000, 'yamaha', '<p>a</p>', 'sale'),
(507, 3, 1, '2021-05-20 17:10:49', 'LATTE', 's7.png', 's8.png', 's9.png', 37490000, 'yamaha', '<p>a</p>', 'new'),
(508, 3, 1, '2021-05-23 16:21:48', 'JANUS', 's10.png', 's12.png', 's11.png', 27990000, 'yamaha', '<p>a</p>', 'sale'),
(509, 2, 1, '2021-06-15 13:20:16', 'YZF-R15', 's15.png', 's14.png', 's13.png', 72000000, 'r15', '', 'new'),
(511, 3, 1, '2021-06-15 13:33:28', 'NVX 155 VVA THẾ HỆ II', 's16.png', 's17.png', 's18.png', 53000000, 'nvx155', '<p>a</p>', 'new'),
(513, 2, 1, '2021-06-15 13:38:50', 'TFX 150', 's21.jpg', 's20.png', 's19.png', 72900000, 'tfx150', '', 'new'),
(515, 3, 2, '2021-06-15 13:45:16', 'Gold Wing', 's21.png', 's22.png', 's22.jpg', 1200000000, 'goldswing', '<div class=\"row spec-item\" style=\"box-sizing: border-box; font-family: Helvetica, sans-serif; display: flex; flex-wrap: wrap; margin: 0px; padding: 0px; color: #212529; font-size: 16px;\">\r\n<div class=\"col-12 col-lg-5 spec-item-label\" style=\"box-sizing: border-box; font-family: Helvetica; position: relative; width: 416.659px; min-height: 1px; padding: 10px 20px; -webkit-box-flex: 0; flex: 0 0 41.6667%; max-width: 41.6667%; text-align: justify; font-size: 14px; font-stretch: normal; color: #212121;\">Khối lượng bản th&acirc;n</div>\r\n<div class=\"col-12 col-lg-7 spec-item-value\" style=\"box-sizing: border-box; font-family: Helvetica; position: relative; width: 583.336px; min-height: 1px; padding: 10px 20px; -webkit-box-flex: 0; flex: 0 0 58.3333%; max-width: 58.3333%; text-align: justify; font-size: 14px; font-weight: bold; font-stretch: normal; color: #212121;\">\r\n<p style=\"box-sizing: border-box; font-family: Helvetica, sans-serif; margin-top: 0px; margin-bottom: 1rem;\">384kg</p>\r\n</div>\r\n</div>\r\n<div class=\"row spec-item\" style=\"box-sizing: border-box; font-family: Helvetica, sans-serif; display: flex; flex-wrap: wrap; margin: 0px; padding: 0px; color: #212529; font-size: 16px; background-color: #f3f3f3;\">\r\n<div class=\"col-12 col-lg-5 spec-item-label\" style=\"box-sizing: border-box; font-family: Helvetica; position: relative; width: 416.659px; min-height: 1px; padding: 10px 20px; -webkit-box-flex: 0; flex: 0 0 41.6667%; max-width: 41.6667%; text-align: justify; font-size: 14px; font-stretch: normal; color: #212121;\">D&agrave;i x Rộng x Cao</div>\r\n<div class=\"col-12 col-lg-7 spec-item-value\" style=\"box-sizing: border-box; font-family: Helvetica; position: relative; width: 583.336px; min-height: 1px; padding: 10px 20px; -webkit-box-flex: 0; flex: 0 0 58.3333%; max-width: 58.3333%; text-align: justify; font-size: 14px; font-weight: bold; font-stretch: normal; color: #212121;\">\r\n<p style=\"box-sizing: border-box; font-family: Helvetica, sans-serif; margin-top: 0px; margin-bottom: 1rem;\">2.575mm x 905mm x 1.555mm</p>\r\n</div>\r\n</div>\r\n<div class=\"row justify-content-center spec-item\" style=\"box-sizing: border-box; font-family: Helvetica, sans-serif; display: flex; flex-wrap: wrap; margin: 0px; padding: 0px; color: #212529; font-size: 16px; -webkit-box-pack: center !important; justify-content: center !important;\">\r\n<div class=\"col-12 col-lg-5 spec-item-label\" style=\"box-sizing: border-box; font-family: Helvetica; position: relative; width: 416.659px; min-height: 1px; padding: 10px 20px; -webkit-box-flex: 0; flex: 0 0 41.6667%; max-width: 41.6667%; text-align: justify; font-size: 14px; font-stretch: normal; color: #212121;\">Khoảng c&aacute;ch trục b&aacute;nh xe</div>\r\n<div class=\"col-12 col-lg-7 spec-item-value\" style=\"box-sizing: border-box; font-family: Helvetica; position: relative; width: 583.336px; min-height: 1px; padding: 10px 20px; -webkit-box-flex: 0; flex: 0 0 58.3333%; max-width: 58.3333%; text-align: justify; font-size: 14px; font-weight: bold; font-stretch: normal; color: #212121;\">\r\n<p style=\"box-sizing: border-box; font-family: Helvetica, sans-serif; margin-top: 0px; margin-bottom: 1rem;\">1.695mm</p>\r\n</div>\r\n</div>\r\n<div class=\"row spec-item\" style=\"box-sizing: border-box; font-family: Helvetica, sans-serif; display: flex; flex-wrap: wrap; margin: 0px; padding: 0px; color: #212529; font-size: 16px; background-color: #f3f3f3;\">\r\n<div class=\"col-12 col-lg-5 spec-item-label\" style=\"box-sizing: border-box; font-family: Helvetica; position: relative; width: 416.659px; min-height: 1px; padding: 10px 20px; -webkit-box-flex: 0; flex: 0 0 41.6667%; max-width: 41.6667%; text-align: justify; font-size: 14px; font-stretch: normal; color: #212121;\">Độ cao y&ecirc;n</div>\r\n<div class=\"col-12 col-lg-7 spec-item-value\" style=\"box-sizing: border-box; font-family: Helvetica; position: relative; width: 583.336px; min-height: 1px; padding: 10px 20px; -webkit-box-flex: 0; flex: 0 0 58.3333%; max-width: 58.3333%; text-align: justify; font-size: 14px; font-weight: bold; font-stretch: normal; color: #212121;\">\r\n<p style=\"box-sizing: border-box; font-family: Helvetica, sans-serif; margin-top: 0px; margin-bottom: 1rem;\">745mm</p>\r\n</div>\r\n</div>\r\n<div class=\"row spec-item\" style=\"box-sizing: border-box; font-family: Helvetica, sans-serif; display: flex; flex-wrap: wrap; margin: 0px; padding: 0px; color: #212529; font-size: 16px;\">\r\n<div class=\"col-12 col-lg-5 spec-item-label\" style=\"box-sizing: border-box; font-family: Helvetica; position: relative; width: 416.659px; min-height: 1px; padding: 10px 20px; -webkit-box-flex: 0; flex: 0 0 41.6667%; max-width: 41.6667%; text-align: justify; font-size: 14px; font-stretch: normal; color: #212121;\">Khoảng s&aacute;ng gầm xe</div>\r\n<div class=\"col-12 col-lg-7 spec-item-value\" style=\"box-sizing: border-box; font-family: Helvetica; position: relative; width: 583.336px; min-height: 1px; padding: 10px 20px; -webkit-box-flex: 0; flex: 0 0 58.3333%; max-width: 58.3333%; text-align: justify; font-size: 14px; font-weight: bold; font-stretch: normal; color: #212121;\">\r\n<p style=\"box-sizing: border-box; font-family: Helvetica, sans-serif; margin-top: 0px; margin-bottom: 1rem;\">130mm</p>\r\n</div>\r\n</div>\r\n<div class=\"row spec-item\" style=\"box-sizing: border-box; font-family: Helvetica, sans-serif; display: flex; flex-wrap: wrap; margin: 0px; padding: 0px; color: #212529; font-size: 16px; background-color: #f3f3f3;\">\r\n<div class=\"col-12 col-lg-5 spec-item-label\" style=\"box-sizing: border-box; font-family: Helvetica; position: relative; width: 416.659px; min-height: 1px; padding: 10px 20px; -webkit-box-flex: 0; flex: 0 0 41.6667%; max-width: 41.6667%; text-align: justify; font-size: 14px; font-stretch: normal; color: #212121;\">Dung t&iacute;ch b&igrave;nh xăng</div>\r\n<div class=\"col-12 col-lg-7 spec-item-value\" style=\"box-sizing: border-box; font-family: Helvetica; position: relative; width: 583.336px; min-height: 1px; padding: 10px 20px; -webkit-box-flex: 0; flex: 0 0 58.3333%; max-width: 58.3333%; text-align: justify; font-size: 14px; font-weight: bold; font-stretch: normal; color: #212121;\">\r\n<p style=\"box-sizing: border-box; font-family: Helvetica, sans-serif; margin-top: 0px; margin-bottom: 1rem;\">21L</p>\r\n</div>\r\n</div>\r\n<div class=\"row spec-item\" style=\"box-sizing: border-box; font-family: Helvetica, sans-serif; display: flex; flex-wrap: wrap; margin: 0px; padding: 0px; color: #212529; font-size: 16px;\">\r\n<div class=\"col-12 col-lg-5 spec-item-label\" style=\"box-sizing: border-box; font-family: Helvetica; position: relative; width: 416.659px; min-height: 1px; padding: 10px 20px; -webkit-box-flex: 0; flex: 0 0 41.6667%; max-width: 41.6667%; text-align: justify; font-size: 14px; font-stretch: normal; color: #212121;\">K&iacute;ch cỡ lớp trước/ sau</div>\r\n<div class=\"col-12 col-lg-7 spec-item-value\" style=\"box-sizing: border-box; font-family: Helvetica; position: relative; width: 583.336px; min-height: 1px; padding: 10px 20px; -webkit-box-flex: 0; flex: 0 0 58.3333%; max-width: 58.3333%; text-align: justify; font-size: 14px; font-weight: bold; font-stretch: normal; color: #212121;\">\r\n<p style=\"box-sizing: border-box; font-family: Helvetica, sans-serif; margin-top: 0px; margin-bottom: 1rem;\">Lốp trước: 130/70 R18<br style=\"box-sizing: border-box;\" />Lốp sau: 200/55 R16</p>\r\n</div>\r\n</div>\r\n<div class=\"row spec-item\" style=\"box-sizing: border-box; font-family: Helvetica, sans-serif; display: flex; flex-wrap: wrap; margin: 0px; padding: 0px; color: #212529; font-size: 16px; background-color: #f3f3f3;\">\r\n<div class=\"col-12 col-lg-5 spec-item-label\" style=\"box-sizing: border-box; font-family: Helvetica; position: relative; width: 416.659px; min-height: 1px; padding: 10px 20px; -webkit-box-flex: 0; flex: 0 0 41.6667%; max-width: 41.6667%; text-align: justify; font-size: 14px; font-stretch: normal; color: #212121;\">Phuộc trước</div>\r\n<div class=\"col-12 col-lg-7 spec-item-value\" style=\"box-sizing: border-box; font-family: Helvetica; position: relative; width: 583.336px; min-height: 1px; padding: 10px 20px; -webkit-box-flex: 0; flex: 0 0 58.3333%; max-width: 58.3333%; text-align: justify; font-size: 14px; font-weight: bold; font-stretch: normal; color: #212121;\">\r\n<p style=\"box-sizing: border-box; font-family: Helvetica, sans-serif; margin-top: 0px; margin-bottom: 1rem;\">Hệ thống treo thanh giằng k&eacute;p với l&ograve; xo trụ đơn, tải trước l&ograve; xo v&agrave; mức giảm chấn điều chỉnh điện tử</p>\r\n</div>\r\n</div>\r\n<div class=\"row spec-item\" style=\"box-sizing: border-box; font-family: Helvetica, sans-serif; display: flex; flex-wrap: wrap; margin: 0px; padding: 0px; color: #212529; font-size: 16px;\">\r\n<div class=\"col-12 col-lg-5 spec-item-label\" style=\"box-sizing: border-box; font-family: Helvetica; position: relative; width: 416.659px; min-height: 1px; padding: 10px 20px; -webkit-box-flex: 0; flex: 0 0 41.6667%; max-width: 41.6667%; text-align: justify; font-size: 14px; font-stretch: normal; color: #212121;\">Phuộc sau</div>\r\n<div class=\"col-12 col-lg-7 spec-item-value\" style=\"box-sizing: border-box; font-family: Helvetica; position: relative; width: 583.336px; min-height: 1px; padding: 10px 20px; -webkit-box-flex: 0; flex: 0 0 58.3333%; max-width: 58.3333%; text-align: justify; font-size: 14px; font-weight: bold; font-stretch: normal; color: #212121;\">\r\n<p style=\"box-sizing: border-box; font-family: Helvetica, sans-serif; margin-top: 0px; margin-bottom: 1rem;\">L&ograve; xo trụ đơn Pro-link, giảm chấn thuỷ lực, tải trước l&ograve; xo v&agrave; mức giảm chấn điều chỉnh điện tử</p>\r\n</div>\r\n</div>\r\n<div class=\"row spec-item\" style=\"box-sizing: border-box; font-family: Helvetica, sans-serif; display: flex; flex-wrap: wrap; margin: 0px; padding: 0px; color: #212529; font-size: 16px; background-color: #f3f3f3;\">\r\n<div class=\"col-12 col-lg-5 spec-item-label\" style=\"box-sizing: border-box; font-family: Helvetica; position: relative; width: 416.659px; min-height: 1px; padding: 10px 20px; -webkit-box-flex: 0; flex: 0 0 41.6667%; max-width: 41.6667%; text-align: justify; font-size: 14px; font-stretch: normal; color: #212121;\">Loại động cơ</div>\r\n<div class=\"col-12 col-lg-7 spec-item-value\" style=\"box-sizing: border-box; font-family: Helvetica; position: relative; width: 583.336px; min-height: 1px; padding: 10px 20px; -webkit-box-flex: 0; flex: 0 0 58.3333%; max-width: 58.3333%; text-align: justify; font-size: 14px; font-weight: bold; font-stretch: normal; color: #212121;\">\r\n<p style=\"box-sizing: border-box; font-family: Helvetica, sans-serif; margin-top: 0px; margin-bottom: 1rem;\">SOHC, 4 kỳ, 6 xi lanh, PGM-FI, l&agrave;m m&aacute;t bằng chất lỏng</p>\r\n</div>\r\n</div>\r\n<div class=\"row spec-item\" style=\"box-sizing: border-box; font-family: Helvetica, sans-serif; display: flex; flex-wrap: wrap; margin: 0px; padding: 0px; color: #212529; font-size: 16px;\">\r\n<div class=\"col-12 col-lg-5 spec-item-label\" style=\"box-sizing: border-box; font-family: Helvetica; position: relative; width: 416.659px; min-height: 1px; padding: 10px 20px; -webkit-box-flex: 0; flex: 0 0 41.6667%; max-width: 41.6667%; text-align: justify; font-size: 14px; font-stretch: normal; color: #212121;\">C&ocirc;ng suất tối đa</div>\r\n<div class=\"col-12 col-lg-7 spec-item-value\" style=\"box-sizing: border-box; font-family: Helvetica; position: relative; width: 583.336px; min-height: 1px; padding: 10px 20px; -webkit-box-flex: 0; flex: 0 0 58.3333%; max-width: 58.3333%; text-align: justify; font-size: 14px; font-weight: bold; font-stretch: normal; color: #212121;\">\r\n<p style=\"box-sizing: border-box; font-family: Helvetica, sans-serif; margin-top: 0px; margin-bottom: 1rem;\">93 kW / 5,500 v&ograve;ng/ph&uacute;t</p>\r\n</div>\r\n</div>\r\n<div class=\"row spec-item\" style=\"box-sizing: border-box; font-family: Helvetica, sans-serif; display: flex; flex-wrap: wrap; margin: 0px; padding: 0px; color: #212529; font-size: 16px; background-color: #f3f3f3;\">\r\n<div class=\"col-12 col-lg-5 spec-item-label\" style=\"box-sizing: border-box; font-family: Helvetica; position: relative; width: 416.659px; min-height: 1px; padding: 10px 20px; -webkit-box-flex: 0; flex: 0 0 41.6667%; max-width: 41.6667%; text-align: justify; font-size: 14px; font-stretch: normal; color: #212121;\">Dung t&iacute;ch nhớt m&aacute;y</div>\r\n<div class=\"col-12 col-lg-7 spec-item-value\" style=\"box-sizing: border-box; font-family: Helvetica; position: relative; width: 583.336px; min-height: 1px; padding: 10px 20px; -webkit-box-flex: 0; flex: 0 0 58.3333%; max-width: 58.3333%; text-align: justify; font-size: 14px; font-weight: bold; font-stretch: normal; color: #212121;\">\r\n<p style=\"box-sizing: border-box; font-family: Helvetica, sans-serif; margin-top: 0px; margin-bottom: 1rem;\">4.4L khi thay nhớt<br style=\"box-sizing: border-box;\" />4.6L khi thay nhớt v&agrave; bộ lọc</p>\r\n</div>\r\n</div>\r\n<div class=\"row spec-item\" style=\"box-sizing: border-box; font-family: Helvetica, sans-serif; display: flex; flex-wrap: wrap; margin: 0px; padding: 0px; color: #212529; font-size: 16px;\">\r\n<div class=\"col-12 col-lg-5 spec-item-label\" style=\"box-sizing: border-box; font-family: Helvetica; position: relative; width: 416.659px; min-height: 1px; padding: 10px 20px; -webkit-box-flex: 0; flex: 0 0 41.6667%; max-width: 41.6667%; text-align: justify; font-size: 14px; font-stretch: normal; color: #212121;\">Mức ti&ecirc;u thụ nhi&ecirc;n liệu</div>\r\n<div class=\"col-12 col-lg-7 spec-item-value\" style=\"box-sizing: border-box; font-family: Helvetica; position: relative; width: 583.336px; min-height: 1px; padding: 10px 20px; -webkit-box-flex: 0; flex: 0 0 58.3333%; max-width: 58.3333%; text-align: justify; font-size: 14px; font-weight: bold; font-stretch: normal; color: #212121;\">\r\n<p style=\"box-sizing: border-box; font-family: Helvetica, sans-serif; margin-top: 0px; margin-bottom: 1rem;\">5,6 l&iacute;t / 100km</p>\r\n</div>\r\n</div>\r\n<div class=\"row spec-item\" style=\"box-sizing: border-box; font-family: Helvetica, sans-serif; display: flex; flex-wrap: wrap; margin: 0px; padding: 0px; color: #212529; font-size: 16px; background-color: #f3f3f3;\">\r\n<div class=\"col-12 col-lg-5 spec-item-label\" style=\"box-sizing: border-box; font-family: Helvetica; position: relative; width: 416.659px; min-height: 1px; padding: 10px 20px; -webkit-box-flex: 0; flex: 0 0 41.6667%; max-width: 41.6667%; text-align: justify; font-size: 14px; font-stretch: normal; color: #212121;\">Hộp số</div>\r\n<div class=\"col-12 col-lg-7 spec-item-value\" style=\"box-sizing: border-box; font-family: Helvetica; position: relative; width: 583.336px; min-height: 1px; padding: 10px 20px; -webkit-box-flex: 0; flex: 0 0 58.3333%; max-width: 58.3333%; text-align: justify; font-size: 14px; font-weight: bold; font-stretch: normal; color: #212121;\">\r\n<p style=\"box-sizing: border-box; font-family: Helvetica, sans-serif; margin-top: 0px; margin-bottom: 1rem;\">7 cấp</p>\r\n</div>\r\n</div>\r\n<div class=\"row spec-item\" style=\"box-sizing: border-box; font-family: Helvetica, sans-serif; display: flex; flex-wrap: wrap; margin: 0px; padding: 0px; color: #212529; font-size: 16px;\">\r\n<div class=\"col-12 col-lg-5 spec-item-label\" style=\"box-sizing: border-box; font-family: Helvetica; position: relative; width: 416.659px; min-height: 1px; padding: 10px 20px; -webkit-box-flex: 0; flex: 0 0 41.6667%; max-width: 41.6667%; text-align: justify; font-size: 14px; font-stretch: normal; color: #212121;\">Loại truyền động</div>\r\n<div class=\"col-12 col-lg-7 spec-item-value\" style=\"box-sizing: border-box; font-family: Helvetica; position: relative; width: 583.336px; min-height: 1px; padding: 10px 20px; -webkit-box-flex: 0; flex: 0 0 58.3333%; max-width: 58.3333%; text-align: justify; font-size: 14px; font-weight: bold; font-stretch: normal; color: #212121;\">\r\n<p style=\"box-sizing: border-box; font-family: Helvetica, sans-serif; margin-top: 0px; margin-bottom: 1rem;\">Hộp số tự động với ly hợp k&eacute;p (DCT)</p>\r\n</div>\r\n</div>\r\n<div class=\"row spec-item\" style=\"box-sizing: border-box; font-family: Helvetica, sans-serif; display: flex; flex-wrap: wrap; margin: 0px; padding: 0px; color: #212529; font-size: 16px; background-color: #f3f3f3;\">\r\n<div class=\"col-12 col-lg-5 spec-item-label\" style=\"box-sizing: border-box; font-family: Helvetica; position: relative; width: 416.659px; min-height: 1px; padding: 10px 20px; -webkit-box-flex: 0; flex: 0 0 41.6667%; max-width: 41.6667%; text-align: justify; font-size: 14px; font-stretch: normal; color: #212121;\">Hệ thống khởi động</div>\r\n<div class=\"col-12 col-lg-7 spec-item-value\" style=\"box-sizing: border-box; font-family: Helvetica; position: relative; width: 583.336px; min-height: 1px; padding: 10px 20px; -webkit-box-flex: 0; flex: 0 0 58.3333%; max-width: 58.3333%; text-align: justify; font-size: 14px; font-weight: bold; font-stretch: normal; color: #212121;\">\r\n<p style=\"box-sizing: border-box; font-family: Helvetica, sans-serif; margin-top: 0px; margin-bottom: 1rem;\">Điện</p>\r\n</div>\r\n</div>\r\n<div class=\"row spec-item\" style=\"box-sizing: border-box; font-family: Helvetica, sans-serif; display: flex; flex-wrap: wrap; margin: 0px; padding: 0px; color: #212529; font-size: 16px;\">\r\n<div class=\"col-12 col-lg-5 spec-item-label\" style=\"box-sizing: border-box; font-family: Helvetica; position: relative; width: 416.659px; min-height: 1px; padding: 10px 20px; -webkit-box-flex: 0; flex: 0 0 41.6667%; max-width: 41.6667%; text-align: justify; font-size: 14px; font-stretch: normal; color: #212121;\">Moment cực đại</div>\r\n<div class=\"col-12 col-lg-7 spec-item-value\" style=\"box-sizing: border-box; font-family: Helvetica; position: relative; width: 583.336px; min-height: 1px; padding: 10px 20px; -webkit-box-flex: 0; flex: 0 0 58.3333%; max-width: 58.3333%; text-align: justify; font-size: 14px; font-weight: bold; font-stretch: normal; color: #212121;\">\r\n<p style=\"box-sizing: border-box; font-family: Helvetica, sans-serif; margin-top: 0px; margin-bottom: 1rem;\">170 Nm / 4,500 v&ograve;ng/ph&uacute;t</p>\r\n</div>\r\n</div>\r\n<div class=\"row spec-item\" style=\"box-sizing: border-box; font-family: Helvetica, sans-serif; display: flex; flex-wrap: wrap; margin: 0px; padding: 0px; color: #212529; font-size: 16px; background-color: #f3f3f3;\">\r\n<div class=\"col-12 col-lg-5 spec-item-label\" style=\"box-sizing: border-box; font-family: Helvetica; position: relative; width: 416.659px; min-height: 1px; padding: 10px 20px; -webkit-box-flex: 0; flex: 0 0 41.6667%; max-width: 41.6667%; text-align: justify; font-size: 14px; font-stretch: normal; color: #212121;\">Dung t&iacute;ch xy-lanh</div>\r\n<div class=\"col-12 col-lg-7 spec-item-value\" style=\"box-sizing: border-box; font-family: Helvetica; position: relative; width: 583.336px; min-height: 1px; padding: 10px 20px; -webkit-box-flex: 0; flex: 0 0 58.3333%; max-width: 58.3333%; text-align: justify; font-size: 14px; font-weight: bold; font-stretch: normal; color: #212121;\">\r\n<p style=\"box-sizing: border-box; font-family: Helvetica, sans-serif; margin-top: 0px; margin-bottom: 1rem;\">1,833cc</p>\r\n</div>\r\n</div>\r\n<div class=\"row spec-item\" style=\"box-sizing: border-box; font-family: Helvetica, sans-serif; display: flex; flex-wrap: wrap; margin: 0px; padding: 0px; color: #212529; font-size: 16px;\">\r\n<div class=\"col-12 col-lg-5 spec-item-label\" style=\"box-sizing: border-box; font-family: Helvetica; position: relative; width: 416.659px; min-height: 1px; padding: 10px 20px; -webkit-box-flex: 0; flex: 0 0 41.6667%; max-width: 41.6667%; text-align: justify; font-size: 14px; font-stretch: normal; color: #212121;\">Đường k&iacute;nh x H&agrave;nh tr&igrave;nh p&iacute;t t&ocirc;ng</div>\r\n<div class=\"col-12 col-lg-7 spec-item-value\" style=\"box-sizing: border-box; font-family: Helvetica; position: relative; width: 583.336px; min-height: 1px; padding: 10px 20px; -webkit-box-flex: 0; flex: 0 0 58.3333%; max-width: 58.3333%; text-align: justify; font-size: 14px; font-weight: bold; font-stretch: normal; color: #212121;\">\r\n<p style=\"box-sizing: border-box; font-family: Helvetica, sans-serif; margin-top: 0px; margin-bottom: 1rem;\">73mm x 73mm</p>\r\n</div>\r\n</div>\r\n<div class=\"row spec-item\" style=\"box-sizing: border-box; font-family: Helvetica, sans-serif; display: flex; flex-wrap: wrap; margin: 0px; padding: 0px; color: #212529; font-size: 16px; background-color: #f3f3f3;\">\r\n<div class=\"col-12 col-lg-5 spec-item-label\" style=\"box-sizing: border-box; font-family: Helvetica; position: relative; width: 416.659px; min-height: 1px; padding: 10px 20px; -webkit-box-flex: 0; flex: 0 0 41.6667%; max-width: 41.6667%; text-align: justify; font-size: 14px; font-stretch: normal; color: #212121;\">Tỷ số n&eacute;n</div>\r\n<div class=\"col-12 col-lg-7 spec-item-value\" style=\"box-sizing: border-box; font-family: Helvetica; position: relative; width: 583.336px; min-height: 1px; padding: 10px 20px; -webkit-box-flex: 0; flex: 0 0 58.3333%; max-width: 58.3333%; text-align: justify; font-size: 14px; font-weight: bold; font-stretch: normal; color: #212121;\">\r\n<p style=\"box-sizing: border-box; font-family: Helvetica, sans-serif; margin-top: 0px; margin-bottom: 1rem;\">10.5:1</p>\r\n</div>\r\n</div>', 'new'),
(516, 2, 2, '2021-06-15 13:53:32', 'Africa Twin Adventure Sport 2021', 's23.jpg', 's24.jpg', 's25.png', 689990000, 'africa', '<div class=\"row spec-item\" style=\"box-sizing: border-box; font-family: Helvetica, sans-serif; display: flex; flex-wrap: wrap; margin: 0px; padding: 0px; color: #212529; font-size: 16px;\">\r\n<div class=\"col-12 col-lg-5 spec-item-label\" style=\"box-sizing: border-box; font-family: Helvetica; position: relative; width: 416.659px; min-height: 1px; padding: 10px 20px; -webkit-box-flex: 0; flex: 0 0 41.6667%; max-width: 41.6667%; text-align: justify; font-size: 14px; font-stretch: normal; color: #212121;\">Khối lượng bản th&acirc;n</div>\r\n<div class=\"col-12 col-lg-7 spec-item-value\" style=\"box-sizing: border-box; font-family: Helvetica; position: relative; width: 583.336px; min-height: 1px; padding: 10px 20px; -webkit-box-flex: 0; flex: 0 0 58.3333%; max-width: 58.3333%; text-align: justify; font-size: 14px; font-weight: bold; font-stretch: normal; color: #212121;\">\r\n<p style=\"box-sizing: border-box; font-family: Helvetica, sans-serif; margin-top: 0px; margin-bottom: 1rem;\">240 kg</p>\r\n</div>\r\n</div>\r\n<div class=\"row spec-item\" style=\"box-sizing: border-box; font-family: Helvetica, sans-serif; display: flex; flex-wrap: wrap; margin: 0px; padding: 0px; color: #212529; font-size: 16px; background-color: #f3f3f3;\">\r\n<div class=\"col-12 col-lg-5 spec-item-label\" style=\"box-sizing: border-box; font-family: Helvetica; position: relative; width: 416.659px; min-height: 1px; padding: 10px 20px; -webkit-box-flex: 0; flex: 0 0 41.6667%; max-width: 41.6667%; text-align: justify; font-size: 14px; font-stretch: normal; color: #212121;\">D&agrave;i x Rộng x Cao</div>\r\n<div class=\"col-12 col-lg-7 spec-item-value\" style=\"box-sizing: border-box; font-family: Helvetica; position: relative; width: 583.336px; min-height: 1px; padding: 10px 20px; -webkit-box-flex: 0; flex: 0 0 58.3333%; max-width: 58.3333%; text-align: justify; font-size: 14px; font-weight: bold; font-stretch: normal; color: #212121;\">\r\n<p style=\"box-sizing: border-box; font-family: Helvetica, sans-serif; margin-top: 0px; margin-bottom: 1rem;\">2.330 mm x 960 mm x 1.617 mm</p>\r\n</div>\r\n</div>\r\n<div class=\"row justify-content-center spec-item\" style=\"box-sizing: border-box; font-family: Helvetica, sans-serif; display: flex; flex-wrap: wrap; margin: 0px; padding: 0px; color: #212529; font-size: 16px; -webkit-box-pack: center !important; justify-content: center !important;\">\r\n<div class=\"col-12 col-lg-5 spec-item-label\" style=\"box-sizing: border-box; font-family: Helvetica; position: relative; width: 416.659px; min-height: 1px; padding: 10px 20px; -webkit-box-flex: 0; flex: 0 0 41.6667%; max-width: 41.6667%; text-align: justify; font-size: 14px; font-stretch: normal; color: #212121;\">Khoảng c&aacute;ch trục b&aacute;nh xe</div>\r\n<div class=\"col-12 col-lg-7 spec-item-value\" style=\"box-sizing: border-box; font-family: Helvetica; position: relative; width: 583.336px; min-height: 1px; padding: 10px 20px; -webkit-box-flex: 0; flex: 0 0 58.3333%; max-width: 58.3333%; text-align: justify; font-size: 14px; font-weight: bold; font-stretch: normal; color: #212121;\">\r\n<p style=\"box-sizing: border-box; font-family: Helvetica, sans-serif; margin-top: 0px; margin-bottom: 1rem;\">1.575 mm</p>\r\n</div>\r\n</div>\r\n<div class=\"row spec-item\" style=\"box-sizing: border-box; font-family: Helvetica, sans-serif; display: flex; flex-wrap: wrap; margin: 0px; padding: 0px; color: #212529; font-size: 16px; background-color: #f3f3f3;\">\r\n<div class=\"col-12 col-lg-5 spec-item-label\" style=\"box-sizing: border-box; font-family: Helvetica; position: relative; width: 416.659px; min-height: 1px; padding: 10px 20px; -webkit-box-flex: 0; flex: 0 0 41.6667%; max-width: 41.6667%; text-align: justify; font-size: 14px; font-stretch: normal; color: #212121;\">Độ cao y&ecirc;n</div>\r\n<div class=\"col-12 col-lg-7 spec-item-value\" style=\"box-sizing: border-box; font-family: Helvetica; position: relative; width: 583.336px; min-height: 1px; padding: 10px 20px; -webkit-box-flex: 0; flex: 0 0 58.3333%; max-width: 58.3333%; text-align: justify; font-size: 14px; font-weight: bold; font-stretch: normal; color: #212121;\">\r\n<p style=\"box-sizing: border-box; font-family: Helvetica, sans-serif; margin-top: 0px; margin-bottom: 1rem;\">850-870 mm</p>\r\n</div>\r\n</div>\r\n<div class=\"row spec-item\" style=\"box-sizing: border-box; font-family: Helvetica, sans-serif; display: flex; flex-wrap: wrap; margin: 0px; padding: 0px; color: #212529; font-size: 16px;\">\r\n<div class=\"col-12 col-lg-5 spec-item-label\" style=\"box-sizing: border-box; font-family: Helvetica; position: relative; width: 416.659px; min-height: 1px; padding: 10px 20px; -webkit-box-flex: 0; flex: 0 0 41.6667%; max-width: 41.6667%; text-align: justify; font-size: 14px; font-stretch: normal; color: #212121;\">Khoảng s&aacute;ng gầm xe</div>\r\n<div class=\"col-12 col-lg-7 spec-item-value\" style=\"box-sizing: border-box; font-family: Helvetica; position: relative; width: 583.336px; min-height: 1px; padding: 10px 20px; -webkit-box-flex: 0; flex: 0 0 58.3333%; max-width: 58.3333%; text-align: justify; font-size: 14px; font-weight: bold; font-stretch: normal; color: #212121;\">\r\n<p style=\"box-sizing: border-box; font-family: Helvetica, sans-serif; margin-top: 0px; margin-bottom: 1rem;\">250 mm</p>\r\n</div>\r\n</div>\r\n<div class=\"row spec-item\" style=\"box-sizing: border-box; font-family: Helvetica, sans-serif; display: flex; flex-wrap: wrap; margin: 0px; padding: 0px; color: #212529; font-size: 16px; background-color: #f3f3f3;\">\r\n<div class=\"col-12 col-lg-5 spec-item-label\" style=\"box-sizing: border-box; font-family: Helvetica; position: relative; width: 416.659px; min-height: 1px; padding: 10px 20px; -webkit-box-flex: 0; flex: 0 0 41.6667%; max-width: 41.6667%; text-align: justify; font-size: 14px; font-stretch: normal; color: #212121;\">Dung t&iacute;ch b&igrave;nh xăng</div>\r\n<div class=\"col-12 col-lg-7 spec-item-value\" style=\"box-sizing: border-box; font-family: Helvetica; position: relative; width: 583.336px; min-height: 1px; padding: 10px 20px; -webkit-box-flex: 0; flex: 0 0 58.3333%; max-width: 58.3333%; text-align: justify; font-size: 14px; font-weight: bold; font-stretch: normal; color: #212121;\">\r\n<p style=\"box-sizing: border-box; font-family: Helvetica, sans-serif; margin-top: 0px; margin-bottom: 1rem;\">24,8 l&iacute;t</p>\r\n</div>\r\n</div>\r\n<div class=\"row spec-item\" style=\"box-sizing: border-box; font-family: Helvetica, sans-serif; display: flex; flex-wrap: wrap; margin: 0px; padding: 0px; color: #212529; font-size: 16px;\">\r\n<div class=\"col-12 col-lg-5 spec-item-label\" style=\"box-sizing: border-box; font-family: Helvetica; position: relative; width: 416.659px; min-height: 1px; padding: 10px 20px; -webkit-box-flex: 0; flex: 0 0 41.6667%; max-width: 41.6667%; text-align: justify; font-size: 14px; font-stretch: normal; color: #212121;\">K&iacute;ch cỡ lớp trước/ sau</div>\r\n<div class=\"col-12 col-lg-7 spec-item-value\" style=\"box-sizing: border-box; font-family: Helvetica; position: relative; width: 583.336px; min-height: 1px; padding: 10px 20px; -webkit-box-flex: 0; flex: 0 0 58.3333%; max-width: 58.3333%; text-align: justify; font-size: 14px; font-weight: bold; font-stretch: normal; color: #212121;\">\r\n<p style=\"box-sizing: border-box; font-family: Helvetica, sans-serif; margin-top: 0px; margin-bottom: 1rem;\">Lốp trước: 90/90-21<br style=\"box-sizing: border-box;\" />Lốp sau: 150/70R18</p>\r\n</div>\r\n</div>\r\n<div class=\"row spec-item\" style=\"box-sizing: border-box; font-family: Helvetica, sans-serif; display: flex; flex-wrap: wrap; margin: 0px; padding: 0px; color: #212529; font-size: 16px; background-color: #f3f3f3;\">\r\n<div class=\"col-12 col-lg-5 spec-item-label\" style=\"box-sizing: border-box; font-family: Helvetica; position: relative; width: 416.659px; min-height: 1px; padding: 10px 20px; -webkit-box-flex: 0; flex: 0 0 41.6667%; max-width: 41.6667%; text-align: justify; font-size: 14px; font-stretch: normal; color: #212121;\">Phuộc trước</div>\r\n<div class=\"col-12 col-lg-7 spec-item-value\" style=\"box-sizing: border-box; font-family: Helvetica; position: relative; width: 583.336px; min-height: 1px; padding: 10px 20px; -webkit-box-flex: 0; flex: 0 0 58.3333%; max-width: 58.3333%; text-align: justify; font-size: 14px; font-weight: bold; font-stretch: normal; color: #212121;\">\r\n<p style=\"box-sizing: border-box; font-family: Helvetica, sans-serif; margin-top: 0px; margin-bottom: 1rem;\">Giảm x&oacute;c h&agrave;nh tr&igrave;nh ngược Showa EERA đường k&iacute;nh 45mm, c&oacute; khả năng điều chỉnh điện tử tải trước, độ n&eacute;n v&agrave; nhả</p>\r\n</div>\r\n</div>\r\n<div class=\"row spec-item\" style=\"box-sizing: border-box; font-family: Helvetica, sans-serif; display: flex; flex-wrap: wrap; margin: 0px; padding: 0px; color: #212529; font-size: 16px;\">\r\n<div class=\"col-12 col-lg-5 spec-item-label\" style=\"box-sizing: border-box; font-family: Helvetica; position: relative; width: 416.659px; min-height: 1px; padding: 10px 20px; -webkit-box-flex: 0; flex: 0 0 41.6667%; max-width: 41.6667%; text-align: justify; font-size: 14px; font-stretch: normal; color: #212121;\">Phuộc sau</div>\r\n<div class=\"col-12 col-lg-7 spec-item-value\" style=\"box-sizing: border-box; font-family: Helvetica; position: relative; width: 583.336px; min-height: 1px; padding: 10px 20px; -webkit-box-flex: 0; flex: 0 0 58.3333%; max-width: 58.3333%; text-align: justify; font-size: 14px; font-weight: bold; font-stretch: normal; color: #212121;\">\r\n<p style=\"box-sizing: border-box; font-family: Helvetica, sans-serif; margin-top: 0px; margin-bottom: 1rem;\">L&ograve; xo trụ đơn Showa EERA sử dụng li&ecirc;n kết Pro-link, c&oacute; khả năng điều chỉnh điện tử tải trước, độ n&eacute;n v&agrave; nhả</p>\r\n</div>\r\n</div>\r\n<div class=\"row spec-item\" style=\"box-sizing: border-box; font-family: Helvetica, sans-serif; display: flex; flex-wrap: wrap; margin: 0px; padding: 0px; color: #212529; font-size: 16px; background-color: #f3f3f3;\">\r\n<div class=\"col-12 col-lg-5 spec-item-label\" style=\"box-sizing: border-box; font-family: Helvetica; position: relative; width: 416.659px; min-height: 1px; padding: 10px 20px; -webkit-box-flex: 0; flex: 0 0 41.6667%; max-width: 41.6667%; text-align: justify; font-size: 14px; font-stretch: normal; color: #212121;\">Loại động cơ</div>\r\n<div class=\"col-12 col-lg-7 spec-item-value\" style=\"box-sizing: border-box; font-family: Helvetica; position: relative; width: 583.336px; min-height: 1px; padding: 10px 20px; -webkit-box-flex: 0; flex: 0 0 58.3333%; max-width: 58.3333%; text-align: justify; font-size: 14px; font-weight: bold; font-stretch: normal; color: #212121;\">\r\n<p style=\"box-sizing: border-box; font-family: Helvetica, sans-serif; margin-top: 0px; margin-bottom: 1rem;\">4 kỳ, 2 hai xi lanh, l&agrave;m m&aacute;t bằng chất lỏng</p>\r\n</div>\r\n</div>\r\n<div class=\"row spec-item\" style=\"box-sizing: border-box; font-family: Helvetica, sans-serif; display: flex; flex-wrap: wrap; margin: 0px; padding: 0px; color: #212529; font-size: 16px;\">\r\n<div class=\"col-12 col-lg-5 spec-item-label\" style=\"box-sizing: border-box; font-family: Helvetica; position: relative; width: 416.659px; min-height: 1px; padding: 10px 20px; -webkit-box-flex: 0; flex: 0 0 41.6667%; max-width: 41.6667%; text-align: justify; font-size: 14px; font-stretch: normal; color: #212121;\">C&ocirc;ng suất tối đa</div>\r\n<div class=\"col-12 col-lg-7 spec-item-value\" style=\"box-sizing: border-box; font-family: Helvetica; position: relative; width: 583.336px; min-height: 1px; padding: 10px 20px; -webkit-box-flex: 0; flex: 0 0 58.3333%; max-width: 58.3333%; text-align: justify; font-size: 14px; font-weight: bold; font-stretch: normal; color: #212121;\">\r\n<p style=\"box-sizing: border-box; font-family: Helvetica, sans-serif; margin-top: 0px; margin-bottom: 1rem;\">75kW/ 7.500 v&ograve;ng/ ph&uacute;t</p>\r\n</div>\r\n</div>\r\n<div class=\"row spec-item\" style=\"box-sizing: border-box; font-family: Helvetica, sans-serif; display: flex; flex-wrap: wrap; margin: 0px; padding: 0px; color: #212529; font-size: 16px; background-color: #f3f3f3;\">\r\n<div class=\"col-12 col-lg-5 spec-item-label\" style=\"box-sizing: border-box; font-family: Helvetica; position: relative; width: 416.659px; min-height: 1px; padding: 10px 20px; -webkit-box-flex: 0; flex: 0 0 41.6667%; max-width: 41.6667%; text-align: justify; font-size: 14px; font-stretch: normal; color: #212121;\">Dung t&iacute;ch nhớt m&aacute;y</div>\r\n<div class=\"col-12 col-lg-7 spec-item-value\" style=\"box-sizing: border-box; font-family: Helvetica; position: relative; width: 583.336px; min-height: 1px; padding: 10px 20px; -webkit-box-flex: 0; flex: 0 0 58.3333%; max-width: 58.3333%; text-align: justify; font-size: 14px; font-weight: bold; font-stretch: normal; color: #212121;\">\r\n<p style=\"box-sizing: border-box; font-family: Helvetica, sans-serif; margin-top: 0px; margin-bottom: 1rem;\">3,9 l&iacute;t khi thay nhớt<br style=\"box-sizing: border-box;\" />4,0 l&iacute;t khi thay nhớt v&agrave; bộ lọc<br style=\"box-sizing: border-box;\" />4,8 l&iacute;t khi r&atilde; m&aacute;y</p>\r\n</div>\r\n</div>\r\n<div class=\"row spec-item\" style=\"box-sizing: border-box; font-family: Helvetica, sans-serif; display: flex; flex-wrap: wrap; margin: 0px; padding: 0px; color: #212529; font-size: 16px;\">\r\n<div class=\"col-12 col-lg-5 spec-item-label\" style=\"box-sizing: border-box; font-family: Helvetica; position: relative; width: 416.659px; min-height: 1px; padding: 10px 20px; -webkit-box-flex: 0; flex: 0 0 41.6667%; max-width: 41.6667%; text-align: justify; font-size: 14px; font-stretch: normal; color: #212121;\">Mức ti&ecirc;u thụ nhi&ecirc;n liệu</div>\r\n<div class=\"col-12 col-lg-7 spec-item-value\" style=\"box-sizing: border-box; font-family: Helvetica; position: relative; width: 583.336px; min-height: 1px; padding: 10px 20px; -webkit-box-flex: 0; flex: 0 0 58.3333%; max-width: 58.3333%; text-align: justify; font-size: 14px; font-weight: bold; font-stretch: normal; color: #212121;\">\r\n<p style=\"box-sizing: border-box; font-family: Helvetica, sans-serif; margin-top: 0px; margin-bottom: 1rem;\">4,75 l&iacute;t/100km</p>\r\n</div>\r\n</div>\r\n<div class=\"row spec-item\" style=\"box-sizing: border-box; font-family: Helvetica, sans-serif; display: flex; flex-wrap: wrap; margin: 0px; padding: 0px; color: #212529; font-size: 16px; background-color: #f3f3f3;\">\r\n<div class=\"col-12 col-lg-5 spec-item-label\" style=\"box-sizing: border-box; font-family: Helvetica; position: relative; width: 416.659px; min-height: 1px; padding: 10px 20px; -webkit-box-flex: 0; flex: 0 0 41.6667%; max-width: 41.6667%; text-align: justify; font-size: 14px; font-stretch: normal; color: #212121;\">Hộp số</div>\r\n<div class=\"col-12 col-lg-7 spec-item-value\" style=\"box-sizing: border-box; font-family: Helvetica; position: relative; width: 583.336px; min-height: 1px; padding: 10px 20px; -webkit-box-flex: 0; flex: 0 0 58.3333%; max-width: 58.3333%; text-align: justify; font-size: 14px; font-weight: bold; font-stretch: normal; color: #212121;\">\r\n<p style=\"box-sizing: border-box; font-family: Helvetica, sans-serif; margin-top: 0px; margin-bottom: 1rem;\">6 cấp</p>\r\n</div>\r\n</div>\r\n<div class=\"row spec-item\" style=\"box-sizing: border-box; font-family: Helvetica, sans-serif; display: flex; flex-wrap: wrap; margin: 0px; padding: 0px; color: #212529; font-size: 16px;\">\r\n<div class=\"col-12 col-lg-5 spec-item-label\" style=\"box-sizing: border-box; font-family: Helvetica; position: relative; width: 416.659px; min-height: 1px; padding: 10px 20px; -webkit-box-flex: 0; flex: 0 0 41.6667%; max-width: 41.6667%; text-align: justify; font-size: 14px; font-stretch: normal; color: #212121;\">Loại truyền động</div>\r\n<div class=\"col-12 col-lg-7 spec-item-value\" style=\"box-sizing: border-box; font-family: Helvetica; position: relative; width: 583.336px; min-height: 1px; padding: 10px 20px; -webkit-box-flex: 0; flex: 0 0 58.3333%; max-width: 58.3333%; text-align: justify; font-size: 14px; font-weight: bold; font-stretch: normal; color: #212121;\">\r\n<p style=\"box-sizing: border-box; font-family: Helvetica, sans-serif; margin-top: 0px; margin-bottom: 1rem;\">Cơ kh&iacute;</p>\r\n</div>\r\n</div>\r\n<div class=\"row spec-item\" style=\"box-sizing: border-box; font-family: Helvetica, sans-serif; display: flex; flex-wrap: wrap; margin: 0px; padding: 0px; color: #212529; font-size: 16px; background-color: #f3f3f3;\">\r\n<div class=\"col-12 col-lg-5 spec-item-label\" style=\"box-sizing: border-box; font-family: Helvetica; position: relative; width: 416.659px; min-height: 1px; padding: 10px 20px; -webkit-box-flex: 0; flex: 0 0 41.6667%; max-width: 41.6667%; text-align: justify; font-size: 14px; font-stretch: normal; color: #212121;\">Hệ thống khởi động</div>\r\n<div class=\"col-12 col-lg-7 spec-item-value\" style=\"box-sizing: border-box; font-family: Helvetica; position: relative; width: 583.336px; min-height: 1px; padding: 10px 20px; -webkit-box-flex: 0; flex: 0 0 58.3333%; max-width: 58.3333%; text-align: justify; font-size: 14px; font-weight: bold; font-stretch: normal; color: #212121;\">\r\n<p style=\"box-sizing: border-box; font-family: Helvetica, sans-serif; margin-top: 0px; margin-bottom: 1rem;\">Điện</p>\r\n</div>\r\n</div>\r\n<div class=\"row spec-item\" style=\"box-sizing: border-box; font-family: Helvetica, sans-serif; display: flex; flex-wrap: wrap; margin: 0px; padding: 0px; color: #212529; font-size: 16px;\">\r\n<div class=\"col-12 col-lg-5 spec-item-label\" style=\"box-sizing: border-box; font-family: Helvetica; position: relative; width: 416.659px; min-height: 1px; padding: 10px 20px; -webkit-box-flex: 0; flex: 0 0 41.6667%; max-width: 41.6667%; text-align: justify; font-size: 14px; font-stretch: normal; color: #212121;\">Moment cực đại</div>\r\n<div class=\"col-12 col-lg-7 spec-item-value\" style=\"box-sizing: border-box; font-family: Helvetica; position: relative; width: 583.336px; min-height: 1px; padding: 10px 20px; -webkit-box-flex: 0; flex: 0 0 58.3333%; max-width: 58.3333%; text-align: justify; font-size: 14px; font-weight: bold; font-stretch: normal; color: #212121;\">\r\n<p style=\"box-sizing: border-box; font-family: Helvetica, sans-serif; margin-top: 0px; margin-bottom: 1rem;\">105Nm/ 6.250 v&ograve;ng/ ph&uacute;t</p>\r\n</div>\r\n</div>\r\n<div class=\"row spec-item\" style=\"box-sizing: border-box; font-family: Helvetica, sans-serif; display: flex; flex-wrap: wrap; margin: 0px; padding: 0px; color: #212529; font-size: 16px; background-color: #f3f3f3;\">\r\n<div class=\"col-12 col-lg-5 spec-item-label\" style=\"box-sizing: border-box; font-family: Helvetica; position: relative; width: 416.659px; min-height: 1px; padding: 10px 20px; -webkit-box-flex: 0; flex: 0 0 41.6667%; max-width: 41.6667%; text-align: justify; font-size: 14px; font-stretch: normal; color: #212121;\">Dung t&iacute;ch xy-lanh</div>\r\n<div class=\"col-12 col-lg-7 spec-item-value\" style=\"box-sizing: border-box; font-family: Helvetica; position: relative; width: 583.336px; min-height: 1px; padding: 10px 20px; -webkit-box-flex: 0; flex: 0 0 58.3333%; max-width: 58.3333%; text-align: justify; font-size: 14px; font-weight: bold; font-stretch: normal; color: #212121;\">\r\n<p style=\"box-sizing: border-box; font-family: Helvetica, sans-serif; margin-top: 0px; margin-bottom: 1rem;\">1084 cc</p>\r\n</div>\r\n</div>\r\n<div class=\"row spec-item\" style=\"box-sizing: border-box; font-family: Helvetica, sans-serif; display: flex; flex-wrap: wrap; margin: 0px; padding: 0px; color: #212529; font-size: 16px;\">\r\n<div class=\"col-12 col-lg-5 spec-item-label\" style=\"box-sizing: border-box; font-family: Helvetica; position: relative; width: 416.659px; min-height: 1px; padding: 10px 20px; -webkit-box-flex: 0; flex: 0 0 41.6667%; max-width: 41.6667%; text-align: justify; font-size: 14px; font-stretch: normal; color: #212121;\">Đường k&iacute;nh x H&agrave;nh tr&igrave;nh p&iacute;t t&ocirc;ng</div>\r\n<div class=\"col-12 col-lg-7 spec-item-value\" style=\"box-sizing: border-box; font-family: Helvetica; position: relative; width: 583.336px; min-height: 1px; padding: 10px 20px; -webkit-box-flex: 0; flex: 0 0 58.3333%; max-width: 58.3333%; text-align: justify; font-size: 14px; font-weight: bold; font-stretch: normal; color: #212121;\">\r\n<p style=\"box-sizing: border-box; font-family: Helvetica, sans-serif; margin-top: 0px; margin-bottom: 1rem;\">92 x 81,5 mm</p>\r\n</div>\r\n</div>\r\n<div class=\"row spec-item\" style=\"box-sizing: border-box; font-family: Helvetica, sans-serif; display: flex; flex-wrap: wrap; margin: 0px; padding: 0px; color: #212529; font-size: 16px; background-color: #f3f3f3;\">\r\n<div class=\"col-12 col-lg-5 spec-item-label\" style=\"box-sizing: border-box; font-family: Helvetica; position: relative; width: 416.659px; min-height: 1px; padding: 10px 20px; -webkit-box-flex: 0; flex: 0 0 41.6667%; max-width: 41.6667%; text-align: justify; font-size: 14px; font-stretch: normal; color: #212121;\">Tỷ số n&eacute;n</div>\r\n<div class=\"col-12 col-lg-7 spec-item-value\" style=\"box-sizing: border-box; font-family: Helvetica; position: relative; width: 583.336px; min-height: 1px; padding: 10px 20px; -webkit-box-flex: 0; flex: 0 0 58.3333%; max-width: 58.3333%; text-align: justify; font-size: 14px; font-weight: bold; font-stretch: normal; color: #212121;\">\r\n<p style=\"box-sizing: border-box; font-family: Helvetica, sans-serif; margin-top: 0px; margin-bottom: 1rem;\">10,1:1</p>\r\n</div>\r\n</div>', 'new');
INSERT INTO `products` (`product_id`, `p_cat_id`, `cat_id`, `date`, `product_title`, `product_img1`, `product_img2`, `product_img3`, `product_price`, `product_keywords`, `product_desc`, `product_label`) VALUES
(518, 1, 2, '2021-06-15 14:11:03', 'Super Cub C125', 's26.png', 's27.jpg', 's28.jpg', 84990000, 'cub', '<div class=\"row spec-item\" style=\"box-sizing: border-box; font-family: Helvetica, sans-serif; display: flex; flex-wrap: wrap; margin: 0px; padding: 0px; color: #212529; font-size: 16px;\">\r\n<div class=\"col-12 col-lg-5 spec-item-label\" style=\"box-sizing: border-box; font-family: Helvetica; position: relative; width: 416.659px; min-height: 1px; padding: 10px 20px; -webkit-box-flex: 0; flex: 0 0 41.6667%; max-width: 41.6667%; text-align: justify; font-size: 14px; font-stretch: normal; color: #212121;\">Khối lượng bản th&acirc;n</div>\r\n<div class=\"col-12 col-lg-7 spec-item-value\" style=\"box-sizing: border-box; font-family: Helvetica; position: relative; width: 583.336px; min-height: 1px; padding: 10px 20px; -webkit-box-flex: 0; flex: 0 0 58.3333%; max-width: 58.3333%; text-align: justify; font-size: 14px; font-weight: bold; font-stretch: normal; color: #212121;\">\r\n<p style=\"box-sizing: border-box; font-family: Helvetica, sans-serif; margin-top: 0px; margin-bottom: 1rem;\">108kg</p>\r\n</div>\r\n</div>\r\n<div class=\"row spec-item\" style=\"box-sizing: border-box; font-family: Helvetica, sans-serif; display: flex; flex-wrap: wrap; margin: 0px; padding: 0px; color: #212529; font-size: 16px; background-color: #f3f3f3;\">\r\n<div class=\"col-12 col-lg-5 spec-item-label\" style=\"box-sizing: border-box; font-family: Helvetica; position: relative; width: 416.659px; min-height: 1px; padding: 10px 20px; -webkit-box-flex: 0; flex: 0 0 41.6667%; max-width: 41.6667%; text-align: justify; font-size: 14px; font-stretch: normal; color: #212121;\">D&agrave;i x Rộng x Cao</div>\r\n<div class=\"col-12 col-lg-7 spec-item-value\" style=\"box-sizing: border-box; font-family: Helvetica; position: relative; width: 583.336px; min-height: 1px; padding: 10px 20px; -webkit-box-flex: 0; flex: 0 0 58.3333%; max-width: 58.3333%; text-align: justify; font-size: 14px; font-weight: bold; font-stretch: normal; color: #212121;\">\r\n<p style=\"box-sizing: border-box; font-family: Helvetica, sans-serif; margin-top: 0px; margin-bottom: 1rem;\">1.910 x 718 x 1.002mm</p>\r\n</div>\r\n</div>\r\n<div class=\"row justify-content-center spec-item\" style=\"box-sizing: border-box; font-family: Helvetica, sans-serif; display: flex; flex-wrap: wrap; margin: 0px; padding: 0px; color: #212529; font-size: 16px; -webkit-box-pack: center !important; justify-content: center !important;\">\r\n<div class=\"col-12 col-lg-5 spec-item-label\" style=\"box-sizing: border-box; font-family: Helvetica; position: relative; width: 416.659px; min-height: 1px; padding: 10px 20px; -webkit-box-flex: 0; flex: 0 0 41.6667%; max-width: 41.6667%; text-align: justify; font-size: 14px; font-stretch: normal; color: #212121;\">Khoảng c&aacute;ch trục b&aacute;nh xe</div>\r\n<div class=\"col-12 col-lg-7 spec-item-value\" style=\"box-sizing: border-box; font-family: Helvetica; position: relative; width: 583.336px; min-height: 1px; padding: 10px 20px; -webkit-box-flex: 0; flex: 0 0 58.3333%; max-width: 58.3333%; text-align: justify; font-size: 14px; font-weight: bold; font-stretch: normal; color: #212121;\">\r\n<p style=\"box-sizing: border-box; font-family: Helvetica, sans-serif; margin-top: 0px; margin-bottom: 1rem;\">1.243mm</p>\r\n</div>\r\n</div>\r\n<div class=\"row spec-item\" style=\"box-sizing: border-box; font-family: Helvetica, sans-serif; display: flex; flex-wrap: wrap; margin: 0px; padding: 0px; color: #212529; font-size: 16px; background-color: #f3f3f3;\">\r\n<div class=\"col-12 col-lg-5 spec-item-label\" style=\"box-sizing: border-box; font-family: Helvetica; position: relative; width: 416.659px; min-height: 1px; padding: 10px 20px; -webkit-box-flex: 0; flex: 0 0 41.6667%; max-width: 41.6667%; text-align: justify; font-size: 14px; font-stretch: normal; color: #212121;\">Độ cao y&ecirc;n</div>\r\n<div class=\"col-12 col-lg-7 spec-item-value\" style=\"box-sizing: border-box; font-family: Helvetica; position: relative; width: 583.336px; min-height: 1px; padding: 10px 20px; -webkit-box-flex: 0; flex: 0 0 58.3333%; max-width: 58.3333%; text-align: justify; font-size: 14px; font-weight: bold; font-stretch: normal; color: #212121;\">\r\n<p style=\"box-sizing: border-box; font-family: Helvetica, sans-serif; margin-top: 0px; margin-bottom: 1rem;\">780mm</p>\r\n</div>\r\n</div>\r\n<div class=\"row spec-item\" style=\"box-sizing: border-box; font-family: Helvetica, sans-serif; display: flex; flex-wrap: wrap; margin: 0px; padding: 0px; color: #212529; font-size: 16px;\">\r\n<div class=\"col-12 col-lg-5 spec-item-label\" style=\"box-sizing: border-box; font-family: Helvetica; position: relative; width: 416.659px; min-height: 1px; padding: 10px 20px; -webkit-box-flex: 0; flex: 0 0 41.6667%; max-width: 41.6667%; text-align: justify; font-size: 14px; font-stretch: normal; color: #212121;\">Khoảng s&aacute;ng gầm xe</div>\r\n<div class=\"col-12 col-lg-7 spec-item-value\" style=\"box-sizing: border-box; font-family: Helvetica; position: relative; width: 583.336px; min-height: 1px; padding: 10px 20px; -webkit-box-flex: 0; flex: 0 0 58.3333%; max-width: 58.3333%; text-align: justify; font-size: 14px; font-weight: bold; font-stretch: normal; color: #212121;\">\r\n<p style=\"box-sizing: border-box; font-family: Helvetica, sans-serif; margin-top: 0px; margin-bottom: 1rem;\">136mm</p>\r\n</div>\r\n</div>\r\n<div class=\"row spec-item\" style=\"box-sizing: border-box; font-family: Helvetica, sans-serif; display: flex; flex-wrap: wrap; margin: 0px; padding: 0px; color: #212529; font-size: 16px; background-color: #f3f3f3;\">\r\n<div class=\"col-12 col-lg-5 spec-item-label\" style=\"box-sizing: border-box; font-family: Helvetica; position: relative; width: 416.659px; min-height: 1px; padding: 10px 20px; -webkit-box-flex: 0; flex: 0 0 41.6667%; max-width: 41.6667%; text-align: justify; font-size: 14px; font-stretch: normal; color: #212121;\">Dung t&iacute;ch b&igrave;nh xăng</div>\r\n<div class=\"col-12 col-lg-7 spec-item-value\" style=\"box-sizing: border-box; font-family: Helvetica; position: relative; width: 583.336px; min-height: 1px; padding: 10px 20px; -webkit-box-flex: 0; flex: 0 0 58.3333%; max-width: 58.3333%; text-align: justify; font-size: 14px; font-weight: bold; font-stretch: normal; color: #212121;\">\r\n<p style=\"box-sizing: border-box; font-family: Helvetica, sans-serif; margin-top: 0px; margin-bottom: 1rem;\">3,7 l&iacute;t</p>\r\n</div>\r\n</div>\r\n<div class=\"row spec-item\" style=\"box-sizing: border-box; font-family: Helvetica, sans-serif; display: flex; flex-wrap: wrap; margin: 0px; padding: 0px; color: #212529; font-size: 16px;\">\r\n<div class=\"col-12 col-lg-5 spec-item-label\" style=\"box-sizing: border-box; font-family: Helvetica; position: relative; width: 416.659px; min-height: 1px; padding: 10px 20px; -webkit-box-flex: 0; flex: 0 0 41.6667%; max-width: 41.6667%; text-align: justify; font-size: 14px; font-stretch: normal; color: #212121;\">K&iacute;ch cỡ lớp trước/ sau</div>\r\n<div class=\"col-12 col-lg-7 spec-item-value\" style=\"box-sizing: border-box; font-family: Helvetica; position: relative; width: 583.336px; min-height: 1px; padding: 10px 20px; -webkit-box-flex: 0; flex: 0 0 58.3333%; max-width: 58.3333%; text-align: justify; font-size: 14px; font-weight: bold; font-stretch: normal; color: #212121;\">\r\n<p style=\"box-sizing: border-box; font-family: Helvetica, sans-serif; margin-top: 0px; margin-bottom: 1rem;\">Lốp trước: 70/90-17M/C 38P<br style=\"box-sizing: border-box;\" />Lốp sau: 80/90-17M/C 50P</p>\r\n</div>\r\n</div>\r\n<div class=\"row spec-item\" style=\"box-sizing: border-box; font-family: Helvetica, sans-serif; display: flex; flex-wrap: wrap; margin: 0px; padding: 0px; color: #212529; font-size: 16px; background-color: #f3f3f3;\">\r\n<div class=\"col-12 col-lg-5 spec-item-label\" style=\"box-sizing: border-box; font-family: Helvetica; position: relative; width: 416.659px; min-height: 1px; padding: 10px 20px; -webkit-box-flex: 0; flex: 0 0 41.6667%; max-width: 41.6667%; text-align: justify; font-size: 14px; font-stretch: normal; color: #212121;\">Loại động cơ</div>\r\n<div class=\"col-12 col-lg-7 spec-item-value\" style=\"box-sizing: border-box; font-family: Helvetica; position: relative; width: 583.336px; min-height: 1px; padding: 10px 20px; -webkit-box-flex: 0; flex: 0 0 58.3333%; max-width: 58.3333%; text-align: justify; font-size: 14px; font-weight: bold; font-stretch: normal; color: #212121;\">\r\n<p style=\"box-sizing: border-box; font-family: Helvetica, sans-serif; margin-top: 0px; margin-bottom: 1rem;\">PGM-FI, SOHC 4 kỳ, 1 xi lanh, l&agrave;m m&aacute;t bằng kh&ocirc;ng kh&iacute;</p>\r\n</div>\r\n</div>\r\n<div class=\"row spec-item\" style=\"box-sizing: border-box; font-family: Helvetica, sans-serif; display: flex; flex-wrap: wrap; margin: 0px; padding: 0px; color: #212529; font-size: 16px;\">\r\n<div class=\"col-12 col-lg-5 spec-item-label\" style=\"box-sizing: border-box; font-family: Helvetica; position: relative; width: 416.659px; min-height: 1px; padding: 10px 20px; -webkit-box-flex: 0; flex: 0 0 41.6667%; max-width: 41.6667%; text-align: justify; font-size: 14px; font-stretch: normal; color: #212121;\">C&ocirc;ng suất tối đa</div>\r\n<div class=\"col-12 col-lg-7 spec-item-value\" style=\"box-sizing: border-box; font-family: Helvetica; position: relative; width: 583.336px; min-height: 1px; padding: 10px 20px; -webkit-box-flex: 0; flex: 0 0 58.3333%; max-width: 58.3333%; text-align: justify; font-size: 14px; font-weight: bold; font-stretch: normal; color: #212121;\">\r\n<p style=\"box-sizing: border-box; font-family: Helvetica, sans-serif; margin-top: 0px; margin-bottom: 1rem;\">6,79kW tại 7.500 v&ograve;ng/ph&uacute;t</p>\r\n</div>\r\n</div>\r\n<div class=\"row spec-item\" style=\"box-sizing: border-box; font-family: Helvetica, sans-serif; display: flex; flex-wrap: wrap; margin: 0px; padding: 0px; color: #212529; font-size: 16px; background-color: #f3f3f3;\">\r\n<div class=\"col-12 col-lg-5 spec-item-label\" style=\"box-sizing: border-box; font-family: Helvetica; position: relative; width: 416.659px; min-height: 1px; padding: 10px 20px; -webkit-box-flex: 0; flex: 0 0 41.6667%; max-width: 41.6667%; text-align: justify; font-size: 14px; font-stretch: normal; color: #212121;\">Dung t&iacute;ch nhớt m&aacute;y</div>\r\n<div class=\"col-12 col-lg-7 spec-item-value\" style=\"box-sizing: border-box; font-family: Helvetica; position: relative; width: 583.336px; min-height: 1px; padding: 10px 20px; -webkit-box-flex: 0; flex: 0 0 58.3333%; max-width: 58.3333%; text-align: justify; font-size: 14px; font-weight: bold; font-stretch: normal; color: #212121;\">\r\n<p style=\"box-sizing: border-box; font-family: Helvetica, sans-serif; margin-top: 0px; margin-bottom: 1rem;\">Sau khi r&atilde; m&aacute;y: 1,0 l&iacute;t<br style=\"box-sizing: border-box;\" />Sau khi xả: 0,8 l&iacute;t</p>\r\n</div>\r\n</div>\r\n<div class=\"row spec-item\" style=\"box-sizing: border-box; font-family: Helvetica, sans-serif; display: flex; flex-wrap: wrap; margin: 0px; padding: 0px; color: #212529; font-size: 16px;\">\r\n<div class=\"col-12 col-lg-5 spec-item-label\" style=\"box-sizing: border-box; font-family: Helvetica; position: relative; width: 416.659px; min-height: 1px; padding: 10px 20px; -webkit-box-flex: 0; flex: 0 0 41.6667%; max-width: 41.6667%; text-align: justify; font-size: 14px; font-stretch: normal; color: #212121;\">Mức ti&ecirc;u thụ nhi&ecirc;n liệu</div>\r\n<div class=\"col-12 col-lg-7 spec-item-value\" style=\"box-sizing: border-box; font-family: Helvetica; position: relative; width: 583.336px; min-height: 1px; padding: 10px 20px; -webkit-box-flex: 0; flex: 0 0 58.3333%; max-width: 58.3333%; text-align: justify; font-size: 14px; font-weight: bold; font-stretch: normal; color: #212121;\">\r\n<p style=\"box-sizing: border-box; font-family: Helvetica, sans-serif; margin-top: 0px; margin-bottom: 1rem;\">1,73 l&iacute;t/100km</p>\r\n</div>\r\n</div>\r\n<div class=\"row spec-item\" style=\"box-sizing: border-box; font-family: Helvetica, sans-serif; display: flex; flex-wrap: wrap; margin: 0px; padding: 0px; color: #212529; font-size: 16px; background-color: #f3f3f3;\">\r\n<div class=\"col-12 col-lg-5 spec-item-label\" style=\"box-sizing: border-box; font-family: Helvetica; position: relative; width: 416.659px; min-height: 1px; padding: 10px 20px; -webkit-box-flex: 0; flex: 0 0 41.6667%; max-width: 41.6667%; text-align: justify; font-size: 14px; font-stretch: normal; color: #212121;\">Loại truyền động</div>\r\n<div class=\"col-12 col-lg-7 spec-item-value\" style=\"box-sizing: border-box; font-family: Helvetica; position: relative; width: 583.336px; min-height: 1px; padding: 10px 20px; -webkit-box-flex: 0; flex: 0 0 58.3333%; max-width: 58.3333%; text-align: justify; font-size: 14px; font-weight: bold; font-stretch: normal; color: #212121;\">\r\n<p style=\"box-sizing: border-box; font-family: Helvetica, sans-serif; margin-top: 0px; margin-bottom: 1rem;\">4 số</p>\r\n</div>\r\n</div>\r\n<div class=\"row spec-item\" style=\"box-sizing: border-box; font-family: Helvetica, sans-serif; display: flex; flex-wrap: wrap; margin: 0px; padding: 0px; color: #212529; font-size: 16px;\">\r\n<div class=\"col-12 col-lg-5 spec-item-label\" style=\"box-sizing: border-box; font-family: Helvetica; position: relative; width: 416.659px; min-height: 1px; padding: 10px 20px; -webkit-box-flex: 0; flex: 0 0 41.6667%; max-width: 41.6667%; text-align: justify; font-size: 14px; font-stretch: normal; color: #212121;\">Moment cực đại</div>\r\n<div class=\"col-12 col-lg-7 spec-item-value\" style=\"box-sizing: border-box; font-family: Helvetica; position: relative; width: 583.336px; min-height: 1px; padding: 10px 20px; -webkit-box-flex: 0; flex: 0 0 58.3333%; max-width: 58.3333%; text-align: justify; font-size: 14px; font-weight: bold; font-stretch: normal; color: #212121;\">\r\n<p style=\"box-sizing: border-box; font-family: Helvetica, sans-serif; margin-top: 0px; margin-bottom: 1rem;\">9,98Nm tại 5.000 v&ograve;ng/ph&uacute;t</p>\r\n</div>\r\n</div>\r\n<div class=\"row spec-item\" style=\"box-sizing: border-box; font-family: Helvetica, sans-serif; display: flex; flex-wrap: wrap; margin: 0px; padding: 0px; color: #212529; font-size: 16px; background-color: #f3f3f3;\">\r\n<div class=\"col-12 col-lg-5 spec-item-label\" style=\"box-sizing: border-box; font-family: Helvetica; position: relative; width: 416.659px; min-height: 1px; padding: 10px 20px; -webkit-box-flex: 0; flex: 0 0 41.6667%; max-width: 41.6667%; text-align: justify; font-size: 14px; font-stretch: normal; color: #212121;\">Dung t&iacute;ch xy-lanh</div>\r\n<div class=\"col-12 col-lg-7 spec-item-value\" style=\"box-sizing: border-box; font-family: Helvetica; position: relative; width: 583.336px; min-height: 1px; padding: 10px 20px; -webkit-box-flex: 0; flex: 0 0 58.3333%; max-width: 58.3333%; text-align: justify; font-size: 14px; font-weight: bold; font-stretch: normal; color: #212121;\">\r\n<p style=\"box-sizing: border-box; font-family: Helvetica, sans-serif; margin-top: 0px; margin-bottom: 1rem;\">124,9cm3</p>\r\n</div>\r\n</div>\r\n<div class=\"row spec-item\" style=\"box-sizing: border-box; font-family: Helvetica, sans-serif; display: flex; flex-wrap: wrap; margin: 0px; padding: 0px; color: #212529; font-size: 16px;\">\r\n<div class=\"col-12 col-lg-5 spec-item-label\" style=\"box-sizing: border-box; font-family: Helvetica; position: relative; width: 416.659px; min-height: 1px; padding: 10px 20px; -webkit-box-flex: 0; flex: 0 0 41.6667%; max-width: 41.6667%; text-align: justify; font-size: 14px; font-stretch: normal; color: #212121;\">Đường k&iacute;nh x H&agrave;nh tr&igrave;nh p&iacute;t t&ocirc;ng</div>\r\n<div class=\"col-12 col-lg-7 spec-item-value\" style=\"box-sizing: border-box; font-family: Helvetica; position: relative; width: 583.336px; min-height: 1px; padding: 10px 20px; -webkit-box-flex: 0; flex: 0 0 58.3333%; max-width: 58.3333%; text-align: justify; font-size: 14px; font-weight: bold; font-stretch: normal; color: #212121;\">\r\n<p style=\"box-sizing: border-box; font-family: Helvetica, sans-serif; margin-top: 0px; margin-bottom: 1rem;\">52,4 x 57,9mm</p>\r\n</div>\r\n</div>\r\n<div class=\"row spec-item\" style=\"box-sizing: border-box; font-family: Helvetica, sans-serif; display: flex; flex-wrap: wrap; margin: 0px; padding: 0px; color: #212529; font-size: 16px; background-color: #f3f3f3;\">\r\n<div class=\"col-12 col-lg-5 spec-item-label\" style=\"box-sizing: border-box; font-family: Helvetica; position: relative; width: 416.659px; min-height: 1px; padding: 10px 20px; -webkit-box-flex: 0; flex: 0 0 41.6667%; max-width: 41.6667%; text-align: justify; font-size: 14px; font-stretch: normal; color: #212121;\">Tỷ số n&eacute;n</div>\r\n<div class=\"col-12 col-lg-7 spec-item-value\" style=\"box-sizing: border-box; font-family: Helvetica; position: relative; width: 583.336px; min-height: 1px; padding: 10px 20px; -webkit-box-flex: 0; flex: 0 0 58.3333%; max-width: 58.3333%; text-align: justify; font-size: 14px; font-weight: bold; font-stretch: normal; color: #212121;\">\r\n<p style=\"box-sizing: border-box; font-family: Helvetica, sans-serif; margin-top: 0px; margin-bottom: 1rem;\">9,3:1</p>\r\n</div>\r\n</div>', 'new'),
(519, 1, 2, '2021-06-15 14:13:32', 'Monkey', 's27.png', 's28.jpg', 's28.png', 84990000, 'monkey', '<div class=\"row spec-item\" style=\"box-sizing: border-box; font-family: Helvetica, sans-serif; display: flex; flex-wrap: wrap; margin: 0px; padding: 0px; color: #212529; font-size: 16px;\">\r\n<div class=\"col-12 col-lg-5 spec-item-label\" style=\"box-sizing: border-box; font-family: Helvetica; position: relative; width: 416.659px; min-height: 1px; padding: 10px 20px; -webkit-box-flex: 0; flex: 0 0 41.6667%; max-width: 41.6667%; text-align: justify; font-size: 14px; font-stretch: normal; color: #212121;\">Khối lượng bản th&acirc;n</div>\r\n<div class=\"col-12 col-lg-7 spec-item-value\" style=\"box-sizing: border-box; font-family: Helvetica; position: relative; width: 583.336px; min-height: 1px; padding: 10px 20px; -webkit-box-flex: 0; flex: 0 0 58.3333%; max-width: 58.3333%; text-align: justify; font-size: 14px; font-weight: bold; font-stretch: normal; color: #212121;\">\r\n<p style=\"box-sizing: border-box; font-family: Helvetica, sans-serif; margin-top: 0px; margin-bottom: 1rem;\">101,3kg</p>\r\n</div>\r\n</div>\r\n<div class=\"row spec-item\" style=\"box-sizing: border-box; font-family: Helvetica, sans-serif; display: flex; flex-wrap: wrap; margin: 0px; padding: 0px; color: #212529; font-size: 16px; background-color: #f3f3f3;\">\r\n<div class=\"col-12 col-lg-5 spec-item-label\" style=\"box-sizing: border-box; font-family: Helvetica; position: relative; width: 416.659px; min-height: 1px; padding: 10px 20px; -webkit-box-flex: 0; flex: 0 0 41.6667%; max-width: 41.6667%; text-align: justify; font-size: 14px; font-stretch: normal; color: #212121;\">D&agrave;i x Rộng x Cao</div>\r\n<div class=\"col-12 col-lg-7 spec-item-value\" style=\"box-sizing: border-box; font-family: Helvetica; position: relative; width: 583.336px; min-height: 1px; padding: 10px 20px; -webkit-box-flex: 0; flex: 0 0 58.3333%; max-width: 58.3333%; text-align: justify; font-size: 14px; font-weight: bold; font-stretch: normal; color: #212121;\">\r\n<p style=\"box-sizing: border-box; font-family: Helvetica, sans-serif; margin-top: 0px; margin-bottom: 1rem;\">1.710 x 755 x 1.030mm</p>\r\n</div>\r\n</div>\r\n<div class=\"row justify-content-center spec-item\" style=\"box-sizing: border-box; font-family: Helvetica, sans-serif; display: flex; flex-wrap: wrap; margin: 0px; padding: 0px; color: #212529; font-size: 16px; -webkit-box-pack: center !important; justify-content: center !important;\">\r\n<div class=\"col-12 col-lg-5 spec-item-label\" style=\"box-sizing: border-box; font-family: Helvetica; position: relative; width: 416.659px; min-height: 1px; padding: 10px 20px; -webkit-box-flex: 0; flex: 0 0 41.6667%; max-width: 41.6667%; text-align: justify; font-size: 14px; font-stretch: normal; color: #212121;\">Khoảng c&aacute;ch trục b&aacute;nh xe</div>\r\n<div class=\"col-12 col-lg-7 spec-item-value\" style=\"box-sizing: border-box; font-family: Helvetica; position: relative; width: 583.336px; min-height: 1px; padding: 10px 20px; -webkit-box-flex: 0; flex: 0 0 58.3333%; max-width: 58.3333%; text-align: justify; font-size: 14px; font-weight: bold; font-stretch: normal; color: #212121;\">\r\n<p style=\"box-sizing: border-box; font-family: Helvetica, sans-serif; margin-top: 0px; margin-bottom: 1rem;\">1.151mm</p>\r\n</div>\r\n</div>\r\n<div class=\"row spec-item\" style=\"box-sizing: border-box; font-family: Helvetica, sans-serif; display: flex; flex-wrap: wrap; margin: 0px; padding: 0px; color: #212529; font-size: 16px; background-color: #f3f3f3;\">\r\n<div class=\"col-12 col-lg-5 spec-item-label\" style=\"box-sizing: border-box; font-family: Helvetica; position: relative; width: 416.659px; min-height: 1px; padding: 10px 20px; -webkit-box-flex: 0; flex: 0 0 41.6667%; max-width: 41.6667%; text-align: justify; font-size: 14px; font-stretch: normal; color: #212121;\">Độ cao y&ecirc;n</div>\r\n<div class=\"col-12 col-lg-7 spec-item-value\" style=\"box-sizing: border-box; font-family: Helvetica; position: relative; width: 583.336px; min-height: 1px; padding: 10px 20px; -webkit-box-flex: 0; flex: 0 0 58.3333%; max-width: 58.3333%; text-align: justify; font-size: 14px; font-weight: bold; font-stretch: normal; color: #212121;\">\r\n<p style=\"box-sizing: border-box; font-family: Helvetica, sans-serif; margin-top: 0px; margin-bottom: 1rem;\">776mm</p>\r\n</div>\r\n</div>\r\n<div class=\"row spec-item\" style=\"box-sizing: border-box; font-family: Helvetica, sans-serif; display: flex; flex-wrap: wrap; margin: 0px; padding: 0px; color: #212529; font-size: 16px;\">\r\n<div class=\"col-12 col-lg-5 spec-item-label\" style=\"box-sizing: border-box; font-family: Helvetica; position: relative; width: 416.659px; min-height: 1px; padding: 10px 20px; -webkit-box-flex: 0; flex: 0 0 41.6667%; max-width: 41.6667%; text-align: justify; font-size: 14px; font-stretch: normal; color: #212121;\">Khoảng s&aacute;ng gầm xe</div>\r\n<div class=\"col-12 col-lg-7 spec-item-value\" style=\"box-sizing: border-box; font-family: Helvetica; position: relative; width: 583.336px; min-height: 1px; padding: 10px 20px; -webkit-box-flex: 0; flex: 0 0 58.3333%; max-width: 58.3333%; text-align: justify; font-size: 14px; font-weight: bold; font-stretch: normal; color: #212121;\">\r\n<p style=\"box-sizing: border-box; font-family: Helvetica, sans-serif; margin-top: 0px; margin-bottom: 1rem;\">162 mm</p>\r\n</div>\r\n</div>\r\n<div class=\"row spec-item\" style=\"box-sizing: border-box; font-family: Helvetica, sans-serif; display: flex; flex-wrap: wrap; margin: 0px; padding: 0px; color: #212529; font-size: 16px; background-color: #f3f3f3;\">\r\n<div class=\"col-12 col-lg-5 spec-item-label\" style=\"box-sizing: border-box; font-family: Helvetica; position: relative; width: 416.659px; min-height: 1px; padding: 10px 20px; -webkit-box-flex: 0; flex: 0 0 41.6667%; max-width: 41.6667%; text-align: justify; font-size: 14px; font-stretch: normal; color: #212121;\">Dung t&iacute;ch b&igrave;nh xăng</div>\r\n<div class=\"col-12 col-lg-7 spec-item-value\" style=\"box-sizing: border-box; font-family: Helvetica; position: relative; width: 583.336px; min-height: 1px; padding: 10px 20px; -webkit-box-flex: 0; flex: 0 0 58.3333%; max-width: 58.3333%; text-align: justify; font-size: 14px; font-weight: bold; font-stretch: normal; color: #212121;\">\r\n<p style=\"box-sizing: border-box; font-family: Helvetica, sans-serif; margin-top: 0px; margin-bottom: 1rem;\">5,6 l&iacute;t</p>\r\n</div>\r\n</div>\r\n<div class=\"row spec-item\" style=\"box-sizing: border-box; font-family: Helvetica, sans-serif; display: flex; flex-wrap: wrap; margin: 0px; padding: 0px; color: #212529; font-size: 16px;\">\r\n<div class=\"col-12 col-lg-5 spec-item-label\" style=\"box-sizing: border-box; font-family: Helvetica; position: relative; width: 416.659px; min-height: 1px; padding: 10px 20px; -webkit-box-flex: 0; flex: 0 0 41.6667%; max-width: 41.6667%; text-align: justify; font-size: 14px; font-stretch: normal; color: #212121;\">K&iacute;ch cỡ lớp trước/ sau</div>\r\n<div class=\"col-12 col-lg-7 spec-item-value\" style=\"box-sizing: border-box; font-family: Helvetica; position: relative; width: 583.336px; min-height: 1px; padding: 10px 20px; -webkit-box-flex: 0; flex: 0 0 58.3333%; max-width: 58.3333%; text-align: justify; font-size: 14px; font-weight: bold; font-stretch: normal; color: #212121;\">\r\n<p style=\"box-sizing: border-box; font-family: Helvetica, sans-serif; margin-top: 0px; margin-bottom: 1rem;\">Trước: 120/80-12 65J<br style=\"box-sizing: border-box;\" />Sau: 130/80-12 69J</p>\r\n</div>\r\n</div>\r\n<div class=\"row spec-item\" style=\"box-sizing: border-box; font-family: Helvetica, sans-serif; display: flex; flex-wrap: wrap; margin: 0px; padding: 0px; color: #212529; font-size: 16px; background-color: #f3f3f3;\">\r\n<div class=\"col-12 col-lg-5 spec-item-label\" style=\"box-sizing: border-box; font-family: Helvetica; position: relative; width: 416.659px; min-height: 1px; padding: 10px 20px; -webkit-box-flex: 0; flex: 0 0 41.6667%; max-width: 41.6667%; text-align: justify; font-size: 14px; font-stretch: normal; color: #212121;\">Loại động cơ</div>\r\n<div class=\"col-12 col-lg-7 spec-item-value\" style=\"box-sizing: border-box; font-family: Helvetica; position: relative; width: 583.336px; min-height: 1px; padding: 10px 20px; -webkit-box-flex: 0; flex: 0 0 58.3333%; max-width: 58.3333%; text-align: justify; font-size: 14px; font-weight: bold; font-stretch: normal; color: #212121;\">\r\n<p style=\"box-sizing: border-box; font-family: Helvetica, sans-serif; margin-top: 0px; margin-bottom: 1rem;\">PGM-FI, SOHC 4 kỳ, 1 xy-lanh, l&agrave;m m&aacute;t bằng kh&ocirc;ng kh&iacute;</p>\r\n</div>\r\n</div>\r\n<div class=\"row spec-item\" style=\"box-sizing: border-box; font-family: Helvetica, sans-serif; display: flex; flex-wrap: wrap; margin: 0px; padding: 0px; color: #212529; font-size: 16px;\">\r\n<div class=\"col-12 col-lg-5 spec-item-label\" style=\"box-sizing: border-box; font-family: Helvetica; position: relative; width: 416.659px; min-height: 1px; padding: 10px 20px; -webkit-box-flex: 0; flex: 0 0 41.6667%; max-width: 41.6667%; text-align: justify; font-size: 14px; font-stretch: normal; color: #212121;\">C&ocirc;ng suất tối đa</div>\r\n<div class=\"col-12 col-lg-7 spec-item-value\" style=\"box-sizing: border-box; font-family: Helvetica; position: relative; width: 583.336px; min-height: 1px; padding: 10px 20px; -webkit-box-flex: 0; flex: 0 0 58.3333%; max-width: 58.3333%; text-align: justify; font-size: 14px; font-weight: bold; font-stretch: normal; color: #212121;\">\r\n<p style=\"box-sizing: border-box; font-family: Helvetica, sans-serif; margin-top: 0px; margin-bottom: 1rem;\">6,66kW tại 7000 v&ograve;ng/ph&uacute;t</p>\r\n</div>\r\n</div>\r\n<div class=\"row spec-item\" style=\"box-sizing: border-box; font-family: Helvetica, sans-serif; display: flex; flex-wrap: wrap; margin: 0px; padding: 0px; color: #212529; font-size: 16px; background-color: #f3f3f3;\">\r\n<div class=\"col-12 col-lg-5 spec-item-label\" style=\"box-sizing: border-box; font-family: Helvetica; position: relative; width: 416.659px; min-height: 1px; padding: 10px 20px; -webkit-box-flex: 0; flex: 0 0 41.6667%; max-width: 41.6667%; text-align: justify; font-size: 14px; font-stretch: normal; color: #212121;\">Dung t&iacute;ch nhớt m&aacute;y</div>\r\n<div class=\"col-12 col-lg-7 spec-item-value\" style=\"box-sizing: border-box; font-family: Helvetica; position: relative; width: 583.336px; min-height: 1px; padding: 10px 20px; -webkit-box-flex: 0; flex: 0 0 58.3333%; max-width: 58.3333%; text-align: justify; font-size: 14px; font-weight: bold; font-stretch: normal; color: #212121;\">\r\n<p style=\"box-sizing: border-box; font-family: Helvetica, sans-serif; margin-top: 0px; margin-bottom: 1rem;\">1,1 l&iacute;t sau khi r&atilde; m&aacute;y<br style=\"box-sizing: border-box;\" />0,9 l&iacute;t sau khi xả</p>\r\n</div>\r\n</div>\r\n<div class=\"row spec-item\" style=\"box-sizing: border-box; font-family: Helvetica, sans-serif; display: flex; flex-wrap: wrap; margin: 0px; padding: 0px; color: #212529; font-size: 16px;\">\r\n<div class=\"col-12 col-lg-5 spec-item-label\" style=\"box-sizing: border-box; font-family: Helvetica; position: relative; width: 416.659px; min-height: 1px; padding: 10px 20px; -webkit-box-flex: 0; flex: 0 0 41.6667%; max-width: 41.6667%; text-align: justify; font-size: 14px; font-stretch: normal; color: #212121;\">Mức ti&ecirc;u thụ nhi&ecirc;n liệu</div>\r\n<div class=\"col-12 col-lg-7 spec-item-value\" style=\"box-sizing: border-box; font-family: Helvetica; position: relative; width: 583.336px; min-height: 1px; padding: 10px 20px; -webkit-box-flex: 0; flex: 0 0 58.3333%; max-width: 58.3333%; text-align: justify; font-size: 14px; font-weight: bold; font-stretch: normal; color: #212121;\">\r\n<p style=\"box-sizing: border-box; font-family: Helvetica, sans-serif; margin-top: 0px; margin-bottom: 1rem;\">1,55 l&iacute;t/100km</p>\r\n</div>\r\n</div>\r\n<div class=\"row spec-item\" style=\"box-sizing: border-box; font-family: Helvetica, sans-serif; display: flex; flex-wrap: wrap; margin: 0px; padding: 0px; color: #212529; font-size: 16px; background-color: #f3f3f3;\">\r\n<div class=\"col-12 col-lg-5 spec-item-label\" style=\"box-sizing: border-box; font-family: Helvetica; position: relative; width: 416.659px; min-height: 1px; padding: 10px 20px; -webkit-box-flex: 0; flex: 0 0 41.6667%; max-width: 41.6667%; text-align: justify; font-size: 14px; font-stretch: normal; color: #212121;\">Loại truyền động</div>\r\n<div class=\"col-12 col-lg-7 spec-item-value\" style=\"box-sizing: border-box; font-family: Helvetica; position: relative; width: 583.336px; min-height: 1px; padding: 10px 20px; -webkit-box-flex: 0; flex: 0 0 58.3333%; max-width: 58.3333%; text-align: justify; font-size: 14px; font-weight: bold; font-stretch: normal; color: #212121;\">\r\n<p style=\"box-sizing: border-box; font-family: Helvetica, sans-serif; margin-top: 0px; margin-bottom: 1rem;\">4 số</p>\r\n</div>\r\n</div>\r\n<div class=\"row spec-item\" style=\"box-sizing: border-box; font-family: Helvetica, sans-serif; display: flex; flex-wrap: wrap; margin: 0px; padding: 0px; color: #212529; font-size: 16px;\">\r\n<div class=\"col-12 col-lg-5 spec-item-label\" style=\"box-sizing: border-box; font-family: Helvetica; position: relative; width: 416.659px; min-height: 1px; padding: 10px 20px; -webkit-box-flex: 0; flex: 0 0 41.6667%; max-width: 41.6667%; text-align: justify; font-size: 14px; font-stretch: normal; color: #212121;\">Hệ thống khởi động</div>\r\n<div class=\"col-12 col-lg-7 spec-item-value\" style=\"box-sizing: border-box; font-family: Helvetica; position: relative; width: 583.336px; min-height: 1px; padding: 10px 20px; -webkit-box-flex: 0; flex: 0 0 58.3333%; max-width: 58.3333%; text-align: justify; font-size: 14px; font-weight: bold; font-stretch: normal; color: #212121;\">\r\n<p style=\"box-sizing: border-box; font-family: Helvetica, sans-serif; margin-top: 0px; margin-bottom: 1rem;\">Điện</p>\r\n</div>\r\n</div>\r\n<div class=\"row spec-item\" style=\"box-sizing: border-box; font-family: Helvetica, sans-serif; display: flex; flex-wrap: wrap; margin: 0px; padding: 0px; color: #212529; font-size: 16px; background-color: #f3f3f3;\">\r\n<div class=\"col-12 col-lg-5 spec-item-label\" style=\"box-sizing: border-box; font-family: Helvetica; position: relative; width: 416.659px; min-height: 1px; padding: 10px 20px; -webkit-box-flex: 0; flex: 0 0 41.6667%; max-width: 41.6667%; text-align: justify; font-size: 14px; font-stretch: normal; color: #212121;\">Moment cực đại</div>\r\n<div class=\"col-12 col-lg-7 spec-item-value\" style=\"box-sizing: border-box; font-family: Helvetica; position: relative; width: 583.336px; min-height: 1px; padding: 10px 20px; -webkit-box-flex: 0; flex: 0 0 58.3333%; max-width: 58.3333%; text-align: justify; font-size: 14px; font-weight: bold; font-stretch: normal; color: #212121;\">\r\n<p style=\"box-sizing: border-box; font-family: Helvetica, sans-serif; margin-top: 0px; margin-bottom: 1rem;\">10,5Nm tại 5500 v&ograve;ng/ph&uacute;t</p>\r\n</div>\r\n</div>\r\n<div class=\"row spec-item\" style=\"box-sizing: border-box; font-family: Helvetica, sans-serif; display: flex; flex-wrap: wrap; margin: 0px; padding: 0px; color: #212529; font-size: 16px;\">\r\n<div class=\"col-12 col-lg-5 spec-item-label\" style=\"box-sizing: border-box; font-family: Helvetica; position: relative; width: 416.659px; min-height: 1px; padding: 10px 20px; -webkit-box-flex: 0; flex: 0 0 41.6667%; max-width: 41.6667%; text-align: justify; font-size: 14px; font-stretch: normal; color: #212121;\">Dung t&iacute;ch xy-lanh</div>\r\n<div class=\"col-12 col-lg-7 spec-item-value\" style=\"box-sizing: border-box; font-family: Helvetica; position: relative; width: 583.336px; min-height: 1px; padding: 10px 20px; -webkit-box-flex: 0; flex: 0 0 58.3333%; max-width: 58.3333%; text-align: justify; font-size: 14px; font-weight: bold; font-stretch: normal; color: #212121;\">\r\n<p style=\"box-sizing: border-box; font-family: Helvetica, sans-serif; margin-top: 0px; margin-bottom: 1rem;\">124,9cm3</p>\r\n</div>\r\n</div>\r\n<div class=\"row spec-item\" style=\"box-sizing: border-box; font-family: Helvetica, sans-serif; display: flex; flex-wrap: wrap; margin: 0px; padding: 0px; color: #212529; font-size: 16px; background-color: #f3f3f3;\">\r\n<div class=\"col-12 col-lg-5 spec-item-label\" style=\"box-sizing: border-box; font-family: Helvetica; position: relative; width: 416.659px; min-height: 1px; padding: 10px 20px; -webkit-box-flex: 0; flex: 0 0 41.6667%; max-width: 41.6667%; text-align: justify; font-size: 14px; font-stretch: normal; color: #212121;\">Đường k&iacute;nh x H&agrave;nh tr&igrave;nh p&iacute;t t&ocirc;ng</div>\r\n<div class=\"col-12 col-lg-7 spec-item-value\" style=\"box-sizing: border-box; font-family: Helvetica; position: relative; width: 583.336px; min-height: 1px; padding: 10px 20px; -webkit-box-flex: 0; flex: 0 0 58.3333%; max-width: 58.3333%; text-align: justify; font-size: 14px; font-weight: bold; font-stretch: normal; color: #212121;\">\r\n<p style=\"box-sizing: border-box; font-family: Helvetica, sans-serif; margin-top: 0px; margin-bottom: 1rem;\">52,4mm x 57,9mm</p>\r\n</div>\r\n</div>\r\n<div class=\"row spec-item\" style=\"box-sizing: border-box; font-family: Helvetica, sans-serif; display: flex; flex-wrap: wrap; margin: 0px; padding: 0px; color: #212529; font-size: 16px;\">\r\n<div class=\"col-12 col-lg-5 spec-item-label\" style=\"box-sizing: border-box; font-family: Helvetica; position: relative; width: 416.659px; min-height: 1px; padding: 10px 20px; -webkit-box-flex: 0; flex: 0 0 41.6667%; max-width: 41.6667%; text-align: justify; font-size: 14px; font-stretch: normal; color: #212121;\">Tỷ số n&eacute;n</div>\r\n<div class=\"col-12 col-lg-7 spec-item-value\" style=\"box-sizing: border-box; font-family: Helvetica; position: relative; width: 583.336px; min-height: 1px; padding: 10px 20px; -webkit-box-flex: 0; flex: 0 0 58.3333%; max-width: 58.3333%; text-align: justify; font-size: 14px; font-weight: bold; font-stretch: normal; color: #212121;\">\r\n<p style=\"box-sizing: border-box; font-family: Helvetica, sans-serif; margin-top: 0px; margin-bottom: 1rem;\">9,3:1</p>\r\n</div>\r\n</div>', 'new');
INSERT INTO `products` (`product_id`, `p_cat_id`, `cat_id`, `date`, `product_title`, `product_img1`, `product_img2`, `product_img3`, `product_price`, `product_keywords`, `product_desc`, `product_label`) VALUES
(520, 3, 2, '2021-06-15 14:30:26', 'SH 150i', 's30.png', 's31.png', 's32.png', 79900000, 'sh150', '<div class=\"row spec-item\" style=\"box-sizing: border-box; font-family: Helvetica, sans-serif; display: flex; flex-wrap: wrap; margin: 0px; padding: 0px; color: #212529; font-size: 16px;\">\r\n<div class=\"col-12 col-lg-5 spec-item-label\" style=\"box-sizing: border-box; font-family: Helvetica; position: relative; width: 416.659px; min-height: 1px; padding: 10px 20px; -webkit-box-flex: 0; flex: 0 0 41.6667%; max-width: 41.6667%; text-align: justify; font-size: 14px; font-stretch: normal; color: #212121;\">Khối lượng bản th&acirc;n</div>\r\n<div class=\"col-12 col-lg-7 spec-item-value\" style=\"box-sizing: border-box; font-family: Helvetica; position: relative; width: 583.336px; min-height: 1px; padding: 10px 20px; -webkit-box-flex: 0; flex: 0 0 58.3333%; max-width: 58.3333%; text-align: justify; font-size: 14px; font-weight: bold; font-stretch: normal; color: #212121;\">\r\n<p style=\"box-sizing: border-box; font-family: Helvetica, sans-serif; margin-top: 0px; margin-bottom: 1rem;\">SH125i/150i CBS: 133kg<br style=\"box-sizing: border-box;\" />SH125i/150i ABS: 134kg</p>\r\n</div>\r\n</div>\r\n<div class=\"row spec-item\" style=\"box-sizing: border-box; font-family: Helvetica, sans-serif; display: flex; flex-wrap: wrap; margin: 0px; padding: 0px; color: #212529; font-size: 16px; background-color: #f3f3f3;\">\r\n<div class=\"col-12 col-lg-5 spec-item-label\" style=\"box-sizing: border-box; font-family: Helvetica; position: relative; width: 416.659px; min-height: 1px; padding: 10px 20px; -webkit-box-flex: 0; flex: 0 0 41.6667%; max-width: 41.6667%; text-align: justify; font-size: 14px; font-stretch: normal; color: #212121;\">D&agrave;i x Rộng x Cao</div>\r\n<div class=\"col-12 col-lg-7 spec-item-value\" style=\"box-sizing: border-box; font-family: Helvetica; position: relative; width: 583.336px; min-height: 1px; padding: 10px 20px; -webkit-box-flex: 0; flex: 0 0 58.3333%; max-width: 58.3333%; text-align: justify; font-size: 14px; font-weight: bold; font-stretch: normal; color: #212121;\">\r\n<p style=\"box-sizing: border-box; font-family: Helvetica, sans-serif; margin-top: 0px; margin-bottom: 1rem;\">2.090mm x 739mm x 1.129mm</p>\r\n</div>\r\n</div>\r\n<div class=\"row justify-content-center spec-item\" style=\"box-sizing: border-box; font-family: Helvetica, sans-serif; display: flex; flex-wrap: wrap; margin: 0px; padding: 0px; color: #212529; font-size: 16px; -webkit-box-pack: center !important; justify-content: center !important;\">\r\n<div class=\"col-12 col-lg-5 spec-item-label\" style=\"box-sizing: border-box; font-family: Helvetica; position: relative; width: 416.659px; min-height: 1px; padding: 10px 20px; -webkit-box-flex: 0; flex: 0 0 41.6667%; max-width: 41.6667%; text-align: justify; font-size: 14px; font-stretch: normal; color: #212121;\">Khoảng c&aacute;ch trục b&aacute;nh xe</div>\r\n<div class=\"col-12 col-lg-7 spec-item-value\" style=\"box-sizing: border-box; font-family: Helvetica; position: relative; width: 583.336px; min-height: 1px; padding: 10px 20px; -webkit-box-flex: 0; flex: 0 0 58.3333%; max-width: 58.3333%; text-align: justify; font-size: 14px; font-weight: bold; font-stretch: normal; color: #212121;\">\r\n<p style=\"box-sizing: border-box; font-family: Helvetica, sans-serif; margin-top: 0px; margin-bottom: 1rem;\">1.353mm</p>\r\n</div>\r\n</div>\r\n<div class=\"row spec-item\" style=\"box-sizing: border-box; font-family: Helvetica, sans-serif; display: flex; flex-wrap: wrap; margin: 0px; padding: 0px; color: #212529; font-size: 16px; background-color: #f3f3f3;\">\r\n<div class=\"col-12 col-lg-5 spec-item-label\" style=\"box-sizing: border-box; font-family: Helvetica; position: relative; width: 416.659px; min-height: 1px; padding: 10px 20px; -webkit-box-flex: 0; flex: 0 0 41.6667%; max-width: 41.6667%; text-align: justify; font-size: 14px; font-stretch: normal; color: #212121;\">Độ cao y&ecirc;n</div>\r\n<div class=\"col-12 col-lg-7 spec-item-value\" style=\"box-sizing: border-box; font-family: Helvetica; position: relative; width: 583.336px; min-height: 1px; padding: 10px 20px; -webkit-box-flex: 0; flex: 0 0 58.3333%; max-width: 58.3333%; text-align: justify; font-size: 14px; font-weight: bold; font-stretch: normal; color: #212121;\">\r\n<p style=\"box-sizing: border-box; font-family: Helvetica, sans-serif; margin-top: 0px; margin-bottom: 1rem;\">799mm</p>\r\n</div>\r\n</div>\r\n<div class=\"row spec-item\" style=\"box-sizing: border-box; font-family: Helvetica, sans-serif; display: flex; flex-wrap: wrap; margin: 0px; padding: 0px; color: #212529; font-size: 16px;\">\r\n<div class=\"col-12 col-lg-5 spec-item-label\" style=\"box-sizing: border-box; font-family: Helvetica; position: relative; width: 416.659px; min-height: 1px; padding: 10px 20px; -webkit-box-flex: 0; flex: 0 0 41.6667%; max-width: 41.6667%; text-align: justify; font-size: 14px; font-stretch: normal; color: #212121;\">Khoảng s&aacute;ng gầm xe</div>\r\n<div class=\"col-12 col-lg-7 spec-item-value\" style=\"box-sizing: border-box; font-family: Helvetica; position: relative; width: 583.336px; min-height: 1px; padding: 10px 20px; -webkit-box-flex: 0; flex: 0 0 58.3333%; max-width: 58.3333%; text-align: justify; font-size: 14px; font-weight: bold; font-stretch: normal; color: #212121;\">\r\n<p style=\"box-sizing: border-box; font-family: Helvetica, sans-serif; margin-top: 0px; margin-bottom: 1rem;\">146mm</p>\r\n</div>\r\n</div>\r\n<div class=\"row spec-item\" style=\"box-sizing: border-box; font-family: Helvetica, sans-serif; display: flex; flex-wrap: wrap; margin: 0px; padding: 0px; color: #212529; font-size: 16px; background-color: #f3f3f3;\">\r\n<div class=\"col-12 col-lg-5 spec-item-label\" style=\"box-sizing: border-box; font-family: Helvetica; position: relative; width: 416.659px; min-height: 1px; padding: 10px 20px; -webkit-box-flex: 0; flex: 0 0 41.6667%; max-width: 41.6667%; text-align: justify; font-size: 14px; font-stretch: normal; color: #212121;\">Dung t&iacute;ch b&igrave;nh xăng</div>\r\n<div class=\"col-12 col-lg-7 spec-item-value\" style=\"box-sizing: border-box; font-family: Helvetica; position: relative; width: 583.336px; min-height: 1px; padding: 10px 20px; -webkit-box-flex: 0; flex: 0 0 58.3333%; max-width: 58.3333%; text-align: justify; font-size: 14px; font-weight: bold; font-stretch: normal; color: #212121;\">\r\n<p style=\"box-sizing: border-box; font-family: Helvetica, sans-serif; margin-top: 0px; margin-bottom: 1rem;\">7,8 l&iacute;t</p>\r\n</div>\r\n</div>\r\n<div class=\"row spec-item\" style=\"box-sizing: border-box; font-family: Helvetica, sans-serif; display: flex; flex-wrap: wrap; margin: 0px; padding: 0px; color: #212529; font-size: 16px;\">\r\n<div class=\"col-12 col-lg-5 spec-item-label\" style=\"box-sizing: border-box; font-family: Helvetica; position: relative; width: 416.659px; min-height: 1px; padding: 10px 20px; -webkit-box-flex: 0; flex: 0 0 41.6667%; max-width: 41.6667%; text-align: justify; font-size: 14px; font-stretch: normal; color: #212121;\">K&iacute;ch cỡ lớp trước/ sau</div>\r\n<div class=\"col-12 col-lg-7 spec-item-value\" style=\"box-sizing: border-box; font-family: Helvetica; position: relative; width: 583.336px; min-height: 1px; padding: 10px 20px; -webkit-box-flex: 0; flex: 0 0 58.3333%; max-width: 58.3333%; text-align: justify; font-size: 14px; font-weight: bold; font-stretch: normal; color: #212121;\">\r\n<p style=\"box-sizing: border-box; font-family: Helvetica, sans-serif; margin-top: 0px; margin-bottom: 1rem;\">Trước: 100/80 - 16 M/C 50P<br style=\"box-sizing: border-box;\" />Sau: 120/80 - 16 M/C 60P</p>\r\n</div>\r\n</div>\r\n<div class=\"row spec-item\" style=\"box-sizing: border-box; font-family: Helvetica, sans-serif; display: flex; flex-wrap: wrap; margin: 0px; padding: 0px; color: #212529; font-size: 16px; background-color: #f3f3f3;\">\r\n<div class=\"col-12 col-lg-5 spec-item-label\" style=\"box-sizing: border-box; font-family: Helvetica; position: relative; width: 416.659px; min-height: 1px; padding: 10px 20px; -webkit-box-flex: 0; flex: 0 0 41.6667%; max-width: 41.6667%; text-align: justify; font-size: 14px; font-stretch: normal; color: #212121;\">Phuộc trước</div>\r\n<div class=\"col-12 col-lg-7 spec-item-value\" style=\"box-sizing: border-box; font-family: Helvetica; position: relative; width: 583.336px; min-height: 1px; padding: 10px 20px; -webkit-box-flex: 0; flex: 0 0 58.3333%; max-width: 58.3333%; text-align: justify; font-size: 14px; font-weight: bold; font-stretch: normal; color: #212121;\">\r\n<p style=\"box-sizing: border-box; font-family: Helvetica, sans-serif; margin-top: 0px; margin-bottom: 1rem;\">Ống lồng, giảm chấn thủy lực</p>\r\n</div>\r\n</div>\r\n<div class=\"row spec-item\" style=\"box-sizing: border-box; font-family: Helvetica, sans-serif; display: flex; flex-wrap: wrap; margin: 0px; padding: 0px; color: #212529; font-size: 16px;\">\r\n<div class=\"col-12 col-lg-5 spec-item-label\" style=\"box-sizing: border-box; font-family: Helvetica; position: relative; width: 416.659px; min-height: 1px; padding: 10px 20px; -webkit-box-flex: 0; flex: 0 0 41.6667%; max-width: 41.6667%; text-align: justify; font-size: 14px; font-stretch: normal; color: #212121;\">Phuộc sau</div>\r\n<div class=\"col-12 col-lg-7 spec-item-value\" style=\"box-sizing: border-box; font-family: Helvetica; position: relative; width: 583.336px; min-height: 1px; padding: 10px 20px; -webkit-box-flex: 0; flex: 0 0 58.3333%; max-width: 58.3333%; text-align: justify; font-size: 14px; font-weight: bold; font-stretch: normal; color: #212121;\">\r\n<p style=\"box-sizing: border-box; font-family: Helvetica, sans-serif; margin-top: 0px; margin-bottom: 1rem;\">L&ograve; xo trụ, giảm chấn thủy lực</p>\r\n</div>\r\n</div>\r\n<div class=\"row spec-item\" style=\"box-sizing: border-box; font-family: Helvetica, sans-serif; display: flex; flex-wrap: wrap; margin: 0px; padding: 0px; color: #212529; font-size: 16px; background-color: #f3f3f3;\">\r\n<div class=\"col-12 col-lg-5 spec-item-label\" style=\"box-sizing: border-box; font-family: Helvetica; position: relative; width: 416.659px; min-height: 1px; padding: 10px 20px; -webkit-box-flex: 0; flex: 0 0 41.6667%; max-width: 41.6667%; text-align: justify; font-size: 14px; font-stretch: normal; color: #212121;\">Loại động cơ</div>\r\n<div class=\"col-12 col-lg-7 spec-item-value\" style=\"box-sizing: border-box; font-family: Helvetica; position: relative; width: 583.336px; min-height: 1px; padding: 10px 20px; -webkit-box-flex: 0; flex: 0 0 58.3333%; max-width: 58.3333%; text-align: justify; font-size: 14px; font-weight: bold; font-stretch: normal; color: #212121;\">\r\n<p style=\"box-sizing: border-box; font-family: Helvetica, sans-serif; margin-top: 0px; margin-bottom: 1rem;\">PGM-FI, xăng, 4 kỳ, 1 xy-lanh, l&agrave;m m&aacute;t bằng dung dịch</p>\r\n</div>\r\n</div>\r\n<div class=\"row spec-item\" style=\"box-sizing: border-box; font-family: Helvetica, sans-serif; display: flex; flex-wrap: wrap; margin: 0px; padding: 0px; color: #212529; font-size: 16px;\">\r\n<div class=\"col-12 col-lg-5 spec-item-label\" style=\"box-sizing: border-box; font-family: Helvetica; position: relative; width: 416.659px; min-height: 1px; padding: 10px 20px; -webkit-box-flex: 0; flex: 0 0 41.6667%; max-width: 41.6667%; text-align: justify; font-size: 14px; font-stretch: normal; color: #212121;\">C&ocirc;ng suất tối đa</div>\r\n<div class=\"col-12 col-lg-7 spec-item-value\" style=\"box-sizing: border-box; font-family: Helvetica; position: relative; width: 583.336px; min-height: 1px; padding: 10px 20px; -webkit-box-flex: 0; flex: 0 0 58.3333%; max-width: 58.3333%; text-align: justify; font-size: 14px; font-weight: bold; font-stretch: normal; color: #212121;\">\r\n<p style=\"box-sizing: border-box; font-family: Helvetica, sans-serif; margin-top: 0px; margin-bottom: 1rem;\">SH 125i: 9,6kW/8.250 v&ograve;ng/ph&uacute;t<br style=\"box-sizing: border-box;\" />SH 150i: 12,4kW/8.500 v&ograve;ng/ph&uacute;t</p>\r\n</div>\r\n</div>\r\n<div class=\"row spec-item\" style=\"box-sizing: border-box; font-family: Helvetica, sans-serif; display: flex; flex-wrap: wrap; margin: 0px; padding: 0px; color: #212529; font-size: 16px; background-color: #f3f3f3;\">\r\n<div class=\"col-12 col-lg-5 spec-item-label\" style=\"box-sizing: border-box; font-family: Helvetica; position: relative; width: 416.659px; min-height: 1px; padding: 10px 20px; -webkit-box-flex: 0; flex: 0 0 41.6667%; max-width: 41.6667%; text-align: justify; font-size: 14px; font-stretch: normal; color: #212121;\">Dung t&iacute;ch nhớt m&aacute;y</div>\r\n<div class=\"col-12 col-lg-7 spec-item-value\" style=\"box-sizing: border-box; font-family: Helvetica; position: relative; width: 583.336px; min-height: 1px; padding: 10px 20px; -webkit-box-flex: 0; flex: 0 0 58.3333%; max-width: 58.3333%; text-align: justify; font-size: 14px; font-weight: bold; font-stretch: normal; color: #212121;\">\r\n<p style=\"box-sizing: border-box; font-family: Helvetica, sans-serif; margin-top: 0px; margin-bottom: 1rem;\">0,9 l&iacute;t khi r&atilde; m&aacute;y<br style=\"box-sizing: border-box;\" />0,8 l&iacute;t khi thay nhớt</p>\r\n</div>\r\n</div>\r\n<div class=\"row spec-item\" style=\"box-sizing: border-box; font-family: Helvetica, sans-serif; display: flex; flex-wrap: wrap; margin: 0px; padding: 0px; color: #212529; font-size: 16px;\">\r\n<div class=\"col-12 col-lg-5 spec-item-label\" style=\"box-sizing: border-box; font-family: Helvetica; position: relative; width: 416.659px; min-height: 1px; padding: 10px 20px; -webkit-box-flex: 0; flex: 0 0 41.6667%; max-width: 41.6667%; text-align: justify; font-size: 14px; font-stretch: normal; color: #212121;\">Mức ti&ecirc;u thụ nhi&ecirc;n liệu</div>\r\n<div class=\"col-12 col-lg-7 spec-item-value\" style=\"box-sizing: border-box; font-family: Helvetica; position: relative; width: 583.336px; min-height: 1px; padding: 10px 20px; -webkit-box-flex: 0; flex: 0 0 58.3333%; max-width: 58.3333%; text-align: justify; font-size: 14px; font-weight: bold; font-stretch: normal; color: #212121;\">\r\n<p style=\"box-sizing: border-box; font-family: Helvetica, sans-serif; margin-top: 0px; margin-bottom: 1rem;\">SH 125i: 2,46 l&iacute;t/100km<br style=\"box-sizing: border-box;\" />SH 150i: 2,24 l&iacute;t/100km</p>\r\n</div>\r\n</div>\r\n<div class=\"row spec-item\" style=\"box-sizing: border-box; font-family: Helvetica, sans-serif; display: flex; flex-wrap: wrap; margin: 0px; padding: 0px; color: #212529; font-size: 16px; background-color: #f3f3f3;\">\r\n<div class=\"col-12 col-lg-5 spec-item-label\" style=\"box-sizing: border-box; font-family: Helvetica; position: relative; width: 416.659px; min-height: 1px; padding: 10px 20px; -webkit-box-flex: 0; flex: 0 0 41.6667%; max-width: 41.6667%; text-align: justify; font-size: 14px; font-stretch: normal; color: #212121;\">Hộp số</div>\r\n<div class=\"col-12 col-lg-7 spec-item-value\" style=\"box-sizing: border-box; font-family: Helvetica; position: relative; width: 583.336px; min-height: 1px; padding: 10px 20px; -webkit-box-flex: 0; flex: 0 0 58.3333%; max-width: 58.3333%; text-align: justify; font-size: 14px; font-weight: bold; font-stretch: normal; color: #212121;\">\r\n<p style=\"box-sizing: border-box; font-family: Helvetica, sans-serif; margin-top: 0px; margin-bottom: 1rem;\">V&ocirc; cấp, điều khiển tự động</p>\r\n</div>\r\n</div>\r\n<div class=\"row spec-item\" style=\"box-sizing: border-box; font-family: Helvetica, sans-serif; display: flex; flex-wrap: wrap; margin: 0px; padding: 0px; color: #212529; font-size: 16px;\">\r\n<div class=\"col-12 col-lg-5 spec-item-label\" style=\"box-sizing: border-box; font-family: Helvetica; position: relative; width: 416.659px; min-height: 1px; padding: 10px 20px; -webkit-box-flex: 0; flex: 0 0 41.6667%; max-width: 41.6667%; text-align: justify; font-size: 14px; font-stretch: normal; color: #212121;\">Hệ thống khởi động</div>\r\n<div class=\"col-12 col-lg-7 spec-item-value\" style=\"box-sizing: border-box; font-family: Helvetica; position: relative; width: 583.336px; min-height: 1px; padding: 10px 20px; -webkit-box-flex: 0; flex: 0 0 58.3333%; max-width: 58.3333%; text-align: justify; font-size: 14px; font-weight: bold; font-stretch: normal; color: #212121;\">\r\n<p style=\"box-sizing: border-box; font-family: Helvetica, sans-serif; margin-top: 0px; margin-bottom: 1rem;\">Điện</p>\r\n</div>\r\n</div>\r\n<div class=\"row spec-item\" style=\"box-sizing: border-box; font-family: Helvetica, sans-serif; display: flex; flex-wrap: wrap; margin: 0px; padding: 0px; color: #212529; font-size: 16px; background-color: #f3f3f3;\">\r\n<div class=\"col-12 col-lg-5 spec-item-label\" style=\"box-sizing: border-box; font-family: Helvetica; position: relative; width: 416.659px; min-height: 1px; padding: 10px 20px; -webkit-box-flex: 0; flex: 0 0 41.6667%; max-width: 41.6667%; text-align: justify; font-size: 14px; font-stretch: normal; color: #212121;\">Moment cực đại</div>\r\n<div class=\"col-12 col-lg-7 spec-item-value\" style=\"box-sizing: border-box; font-family: Helvetica; position: relative; width: 583.336px; min-height: 1px; padding: 10px 20px; -webkit-box-flex: 0; flex: 0 0 58.3333%; max-width: 58.3333%; text-align: justify; font-size: 14px; font-weight: bold; font-stretch: normal; color: #212121;\">\r\n<p style=\"box-sizing: border-box; font-family: Helvetica, sans-serif; margin-top: 0px; margin-bottom: 1rem;\">SH 125i: 12N.m/6.500 v&ograve;ng/ph&uacute;t<br style=\"box-sizing: border-box;\" />SH 150i: 14,8N.m/6.500 v&ograve;ng/ph&uacute;t</p>\r\n</div>\r\n</div>\r\n<div class=\"row spec-item\" style=\"box-sizing: border-box; font-family: Helvetica, sans-serif; display: flex; flex-wrap: wrap; margin: 0px; padding: 0px; color: #212529; font-size: 16px;\">\r\n<div class=\"col-12 col-lg-5 spec-item-label\" style=\"box-sizing: border-box; font-family: Helvetica; position: relative; width: 416.659px; min-height: 1px; padding: 10px 20px; -webkit-box-flex: 0; flex: 0 0 41.6667%; max-width: 41.6667%; text-align: justify; font-size: 14px; font-stretch: normal; color: #212121;\">Dung t&iacute;ch xy-lanh</div>\r\n<div class=\"col-12 col-lg-7 spec-item-value\" style=\"box-sizing: border-box; font-family: Helvetica; position: relative; width: 583.336px; min-height: 1px; padding: 10px 20px; -webkit-box-flex: 0; flex: 0 0 58.3333%; max-width: 58.3333%; text-align: justify; font-size: 14px; font-weight: bold; font-stretch: normal; color: #212121;\">\r\n<p style=\"box-sizing: border-box; font-family: Helvetica, sans-serif; margin-top: 0px; margin-bottom: 1rem;\">SH 125i: 124,8cm&sup3;<br style=\"box-sizing: border-box;\" />SH 150i: 156,9cm&sup3;</p>\r\n</div>\r\n</div>\r\n<div class=\"row spec-item\" style=\"box-sizing: border-box; font-family: Helvetica, sans-serif; display: flex; flex-wrap: wrap; margin: 0px; padding: 0px; color: #212529; font-size: 16px; background-color: #f3f3f3;\">\r\n<div class=\"col-12 col-lg-5 spec-item-label\" style=\"box-sizing: border-box; font-family: Helvetica; position: relative; width: 416.659px; min-height: 1px; padding: 10px 20px; -webkit-box-flex: 0; flex: 0 0 41.6667%; max-width: 41.6667%; text-align: justify; font-size: 14px; font-stretch: normal; color: #212121;\">Đường k&iacute;nh x H&agrave;nh tr&igrave;nh p&iacute;t t&ocirc;ng</div>\r\n<div class=\"col-12 col-lg-7 spec-item-value\" style=\"box-sizing: border-box; font-family: Helvetica; position: relative; width: 583.336px; min-height: 1px; padding: 10px 20px; -webkit-box-flex: 0; flex: 0 0 58.3333%; max-width: 58.3333%; text-align: justify; font-size: 14px; font-weight: bold; font-stretch: normal; color: #212121;\">\r\n<p style=\"box-sizing: border-box; font-family: Helvetica, sans-serif; margin-top: 0px; margin-bottom: 1rem;\">SH 125i: 53,5mm x 55,5mm<br style=\"box-sizing: border-box;\" />SH 150i: 60mm x 55,5mm</p>\r\n</div>\r\n</div>\r\n<div class=\"row spec-item\" style=\"box-sizing: border-box; font-family: Helvetica, sans-serif; display: flex; flex-wrap: wrap; margin: 0px; padding: 0px; color: #212529; font-size: 16px;\">\r\n<div class=\"col-12 col-lg-5 spec-item-label\" style=\"box-sizing: border-box; font-family: Helvetica; position: relative; width: 416.659px; min-height: 1px; padding: 10px 20px; -webkit-box-flex: 0; flex: 0 0 41.6667%; max-width: 41.6667%; text-align: justify; font-size: 14px; font-stretch: normal; color: #212121;\">Tỷ số n&eacute;n</div>\r\n<div class=\"col-12 col-lg-7 spec-item-value\" style=\"box-sizing: border-box; font-family: Helvetica; position: relative; width: 583.336px; min-height: 1px; padding: 10px 20px; -webkit-box-flex: 0; flex: 0 0 58.3333%; max-width: 58.3333%; text-align: justify; font-size: 14px; font-weight: bold; font-stretch: normal; color: #212121;\">\r\n<p style=\"box-sizing: border-box; font-family: Helvetica, sans-serif; margin-top: 0px; margin-bottom: 1rem;\">SH 125i: 11,5:1<br style=\"box-sizing: border-box;\" />SH 150i: 12,0:1</p>\r\n</div>\r\n</div>', 'new'),
(521, 1, 3, '2021-06-15 14:32:04', 'GALAXY 50', 's33.jpg', 's34.jpg', 's35.jpg', 17300000, 'galaxy', '<table style=\"border-collapse: collapse; max-width: 700px; width: 699.995px; color: #212529; font-family: GMVDINPro; font-size: 16px; border: none !important;\" border=\"1\" cellspacing=\"0\">\r\n<tbody style=\"box-sizing: border-box;\">\r\n<tr style=\"box-sizing: border-box;\">\r\n<td style=\"box-sizing: border-box; border: none; padding: 8px 10px 8px 50px; color: #6f6f6f;\">Model</td>\r\n<td style=\"box-sizing: border-box; border: none; padding: 8px 10px 8px 50px; color: #000000;\">Galaxy 50</td>\r\n</tr>\r\n<tr style=\"box-sizing: border-box;\">\r\n<td style=\"box-sizing: border-box; border: none; padding: 8px 10px 8px 50px; color: #6f6f6f;\">D&agrave;i - Rộng - Cao</td>\r\n<td style=\"box-sizing: border-box; border: none; padding: 8px 10px 8px 50px; color: #000000;\">1,940mm - 695mm - 1,095mm</td>\r\n</tr>\r\n<tr style=\"box-sizing: border-box;\">\r\n<td style=\"box-sizing: border-box; border: none; padding: 8px 10px 8px 50px; color: #6f6f6f;\">Khoảng c&aacute;ch 2 trục</td>\r\n<td style=\"box-sizing: border-box; border: none; padding: 8px 10px 8px 50px; color: #000000;\">1,240 mm</td>\r\n</tr>\r\n<tr style=\"box-sizing: border-box;\">\r\n<td style=\"box-sizing: border-box; border: none; padding: 8px 10px 8px 50px; color: #6f6f6f;\">Tổng trọng lượng kh&ocirc;</td>\r\n<td style=\"box-sizing: border-box; border: none; padding: 8px 10px 8px 50px; color: #000000;\">98kg</td>\r\n</tr>\r\n<tr style=\"box-sizing: border-box;\">\r\n<td style=\"box-sizing: border-box; border: none; padding: 8px 10px 8px 50px; color: #6f6f6f;\">Số người ngồi/ Tải trọng</td>\r\n<td style=\"box-sizing: border-box; border: none; padding: 8px 10px 8px 50px; color: #000000;\">2 người/110kg</td>\r\n</tr>\r\n<tr style=\"box-sizing: border-box;\">\r\n<td style=\"box-sizing: border-box; border: none; padding: 8px 10px 8px 50px; color: #6f6f6f;\">Động cơ/L&agrave;m m&aacute;t/Truyền động</td>\r\n<td style=\"box-sizing: border-box; border: none; padding: 8px 10px 8px 50px; color: #000000;\">4 th&igrave;/ L&agrave;m m&aacute;t bằng kh&ocirc;ng kh&iacute;/Hộp số 4số</td>\r\n</tr>\r\n<tr style=\"box-sizing: border-box;\">\r\n<td style=\"box-sizing: border-box; border: none; padding: 8px 10px 8px 50px; color: #6f6f6f;\">Nhi&ecirc;n liệu sử dụng</td>\r\n<td style=\"box-sizing: border-box; border: none; padding: 8px 10px 8px 50px; color: #000000;\">Xăng kh&ocirc;ng ch&igrave; (tr&ecirc;n 92)</td>\r\n</tr>\r\n<tr style=\"box-sizing: border-box;\">\r\n<td style=\"box-sizing: border-box; border: none; padding: 8px 10px 8px 50px; color: #6f6f6f;\">Ph&acirc;n khối</td>\r\n<td style=\"box-sizing: border-box; border: none; padding: 8px 10px 8px 50px; color: #000000;\">49.5cc</td>\r\n</tr>\r\n<tr style=\"box-sizing: border-box;\">\r\n<td style=\"box-sizing: border-box; border: none; padding: 8px 10px 8px 50px; color: #6f6f6f;\">Mức hao xăng</td>\r\n<td style=\"box-sizing: border-box; border: none; padding: 8px 10px 8px 50px; color: #000000;\">1,29L/100km</td>\r\n</tr>\r\n<tr style=\"box-sizing: border-box;\">\r\n<td style=\"box-sizing: border-box; border: none; padding: 8px 10px 8px 50px; color: #6f6f6f;\">C&ocirc;ng suất tối đa</td>\r\n<td style=\"box-sizing: border-box; border: none; padding: 8px 10px 8px 50px; color: #000000;\">2.78ps/7.500rpm</td>\r\n</tr>\r\n<tr style=\"box-sizing: border-box;\">\r\n<td style=\"box-sizing: border-box; border: none; padding: 8px 10px 8px 50px; color: #6f6f6f;\">Momen cực đại</td>\r\n<td style=\"box-sizing: border-box; border: none; padding: 8px 10px 8px 50px; color: #000000;\">0.3kgf.m/6.500rpm</td>\r\n</tr>\r\n<tr style=\"box-sizing: border-box;\">\r\n<td style=\"box-sizing: border-box; border: none; padding: 8px 10px 8px 50px; color: #6f6f6f;\">Hệ thống thắng trước</td>\r\n<td style=\"box-sizing: border-box; border: none; padding: 8px 10px 8px 50px; color: #000000;\">Phanh trống (đ&ugrave;m)</td>\r\n</tr>\r\n<tr style=\"box-sizing: border-box;\">\r\n<td style=\"box-sizing: border-box; border: none; padding: 8px 10px 8px 50px; color: #6f6f6f;\">Hệ thống thắng sau</td>\r\n<td style=\"box-sizing: border-box; border: none; padding: 8px 10px 8px 50px; color: #000000;\">Phanh trống (đ&ugrave;m)</td>\r\n</tr>\r\n<tr style=\"box-sizing: border-box;\">\r\n<td style=\"box-sizing: border-box; border: none; padding: 8px 10px 8px 50px; color: #6f6f6f;\">Vỏ (lốp trước, c&oacute; ruột)</td>\r\n<td style=\"box-sizing: border-box; border: none; padding: 8px 10px 8px 50px; color: #000000;\">70/80-17</td>\r\n</tr>\r\n<tr style=\"box-sizing: border-box;\">\r\n<td style=\"box-sizing: border-box; border: none; padding: 8px 10px 8px 50px; color: #6f6f6f;\">Vỏ (lốp sau, c&oacute; ruột)</td>\r\n<td style=\"box-sizing: border-box; border: none; padding: 8px 10px 8px 50px; color: #000000;\">80/80-17</td>\r\n</tr>\r\n<tr style=\"box-sizing: border-box;\">\r\n<td style=\"box-sizing: border-box; border: none; padding: 8px 10px 8px 50px; color: #6f6f6f;\">Dung t&iacute;ch b&igrave;nh xăng</td>\r\n<td style=\"box-sizing: border-box; border: none; padding: 8px 10px 8px 50px; color: #000000;\">4L</td>\r\n</tr>\r\n<tr style=\"box-sizing: border-box;\">\r\n<td style=\"box-sizing: border-box; border: none; padding: 8px 10px 8px 50px; color: #6f6f6f;\">Bảo h&agrave;nh</td>\r\n<td style=\"box-sizing: border-box; border: none; padding: 8px 10px 8px 50px; color: #000000;\">24 th&aacute;ng hoặc 30.000km</td>\r\n</tr>\r\n</tbody>\r\n</table>', 'new'),
(522, 1, 3, '2021-06-15 14:41:38', 'ATTILA 50', 's36.jpg', 's37.jpg', 's38.jpg', 26200000, 'atila', '<table style=\"border-collapse: collapse; max-width: 700px; width: 699.995px; color: #212529; font-family: GMVDINPro; font-size: 16px; border: none !important;\">\r\n<tbody style=\"box-sizing: border-box;\">\r\n<tr style=\"box-sizing: border-box;\">\r\n<td style=\"box-sizing: border-box; border: none; padding: 8px 10px 8px 50px; color: #6f6f6f;\">Model</td>\r\n<td style=\"box-sizing: border-box; border: none; padding: 8px 10px 8px 50px; color: #000000;\">Attila 50</td>\r\n</tr>\r\n<tr style=\"box-sizing: border-box;\">\r\n<td style=\"box-sizing: border-box; border: none; padding: 8px 10px 8px 50px; color: #6f6f6f;\">D&agrave;i - Rộng - Cao</td>\r\n<td style=\"box-sizing: border-box; border: none; padding: 8px 10px 8px 50px; color: #000000;\">1880 - 680 - 1120mm</td>\r\n</tr>\r\n<tr style=\"box-sizing: border-box;\">\r\n<td style=\"box-sizing: border-box; border: none; padding: 8px 10px 8px 50px; color: #6f6f6f;\">Khoảng c&aacute;ch 2 trục</td>\r\n<td style=\"box-sizing: border-box; border: none; padding: 8px 10px 8px 50px; color: #000000;\">1294mm</td>\r\n</tr>\r\n<tr style=\"box-sizing: border-box;\">\r\n<td style=\"box-sizing: border-box; border: none; padding: 8px 10px 8px 50px; color: #6f6f6f;\">Khoảng c&aacute;ch gầm</td>\r\n<td style=\"box-sizing: border-box; border: none; padding: 8px 10px 8px 50px; color: #000000;\">100mm</td>\r\n</tr>\r\n<tr style=\"box-sizing: border-box;\">\r\n<td style=\"box-sizing: border-box; border: none; padding: 8px 10px 8px 50px; color: #6f6f6f;\">Tổng trọng lượng kh&ocirc;</td>\r\n<td style=\"box-sizing: border-box; border: none; padding: 8px 10px 8px 50px; color: #000000;\">108kg</td>\r\n</tr>\r\n<tr style=\"box-sizing: border-box;\">\r\n<td style=\"box-sizing: border-box; border: none; padding: 8px 10px 8px 50px; color: #6f6f6f;\">Động cơ</td>\r\n<td style=\"box-sizing: border-box; border: none; padding: 8px 10px 8px 50px; color: #000000;\">4 th&igrave;</td>\r\n</tr>\r\n<tr style=\"box-sizing: border-box;\">\r\n<td style=\"box-sizing: border-box; border: none; padding: 8px 10px 8px 50px; color: #6f6f6f;\">Ph&acirc;n khối</td>\r\n<td style=\"box-sizing: border-box; border: none; padding: 8px 10px 8px 50px; color: #000000;\">49.5cc</td>\r\n</tr>\r\n<tr style=\"box-sizing: border-box;\">\r\n<td style=\"box-sizing: border-box; border: none; padding: 8px 10px 8px 50px; color: #6f6f6f;\">Hệ thống l&agrave;m m&aacute;t</td>\r\n<td style=\"box-sizing: border-box; border: none; padding: 8px 10px 8px 50px; color: #000000;\">Bằng kh&ocirc;ng kh&iacute;</td>\r\n</tr>\r\n<tr style=\"box-sizing: border-box;\">\r\n<td style=\"box-sizing: border-box; border: none; padding: 8px 10px 8px 50px; color: #6f6f6f;\">Nhi&ecirc;n liệu sử dụng</td>\r\n<td style=\"box-sizing: border-box; border: none; padding: 8px 10px 8px 50px; color: #000000;\">Xăng kh&ocirc;ng ch&igrave; tr&ecirc;n 92</td>\r\n</tr>\r\n<tr style=\"box-sizing: border-box;\">\r\n<td style=\"box-sizing: border-box; border: none; padding: 8px 10px 8px 50px; color: #6f6f6f;\">Dung t&iacute;ch b&igrave;nh xăng</td>\r\n<td style=\"box-sizing: border-box; border: none; padding: 8px 10px 8px 50px; color: #000000;\">5.7L</td>\r\n</tr>\r\n<tr style=\"box-sizing: border-box;\">\r\n<td style=\"box-sizing: border-box; border: none; padding: 8px 10px 8px 50px; color: #6f6f6f;\">C&ocirc;ng suất tối đa</td>\r\n<td style=\"box-sizing: border-box; border: none; padding: 8px 10px 8px 50px; color: #000000;\">2.45kw/8500rpm</td>\r\n</tr>\r\n<tr style=\"box-sizing: border-box;\">\r\n<td style=\"box-sizing: border-box; border: none; padding: 8px 10px 8px 50px; color: #6f6f6f;\">Momen cực đại</td>\r\n<td style=\"box-sizing: border-box; border: none; padding: 8px 10px 8px 50px; color: #000000;\">3.2n.m/6500rpm</td>\r\n</tr>\r\n<tr style=\"box-sizing: border-box;\">\r\n<td style=\"box-sizing: border-box; border: none; padding: 8px 10px 8px 50px; color: #6f6f6f;\">Thắng (phanh) trước</td>\r\n<td style=\"box-sizing: border-box; border: none; padding: 8px 10px 8px 50px; color: #000000;\">Đĩa</td>\r\n</tr>\r\n<tr style=\"box-sizing: border-box;\">\r\n<td style=\"box-sizing: border-box; border: none; padding: 8px 10px 8px 50px; color: #6f6f6f;\">Thắng (phanh) sau</td>\r\n<td style=\"box-sizing: border-box; border: none; padding: 8px 10px 8px 50px; color: #000000;\">Đ&ugrave;m (cơ)</td>\r\n</tr>\r\n<tr style=\"box-sizing: border-box;\">\r\n<td style=\"box-sizing: border-box; border: none; padding: 8px 10px 8px 50px; color: #6f6f6f;\">Vỏ (lốp) trước</td>\r\n<td style=\"box-sizing: border-box; border: none; padding: 8px 10px 8px 50px; color: #000000;\">110/70-12</td>\r\n</tr>\r\n<tr style=\"box-sizing: border-box;\">\r\n<td style=\"box-sizing: border-box; border: none; padding: 8px 10px 8px 50px; color: #6f6f6f;\">Vỏ (lốp) sau</td>\r\n<td style=\"box-sizing: border-box; border: none; padding: 8px 10px 8px 50px; color: #000000;\">120/70-12</td>\r\n</tr>\r\n<tr style=\"box-sizing: border-box;\">\r\n<td style=\"box-sizing: border-box; border: none; padding: 8px 10px 8px 50px; color: #6f6f6f;\">Đ&egrave;n pha</td>\r\n<td style=\"box-sizing: border-box; border: none; padding: 8px 10px 8px 50px; color: #000000;\">Halogen</td>\r\n</tr>\r\n<tr style=\"box-sizing: border-box;\">\r\n<td style=\"box-sizing: border-box; border: none; padding: 8px 10px 8px 50px; color: #6f6f6f;\">Mức ti&ecirc;u hao xăng</td>\r\n<td style=\"box-sizing: border-box; border: none; padding: 8px 10px 8px 50px; color: #000000;\">Dưới 2.22L/100Km</td>\r\n</tr>\r\n<tr style=\"box-sizing: border-box;\">\r\n<td style=\"box-sizing: border-box; border: none; padding: 8px 10px 8px 50px; color: #6f6f6f;\">Đ&egrave;n signal</td>\r\n<td style=\"box-sizing: border-box; border: none; padding: 8px 10px 8px 50px; color: #000000;\">12V/10W</td>\r\n</tr>\r\n<tr style=\"box-sizing: border-box;\">\r\n<td style=\"box-sizing: border-box; border: none; padding: 8px 10px 8px 50px; color: #6f6f6f;\">Bảo H&agrave;nh</td>\r\n<td style=\"box-sizing: border-box; border: none; padding: 8px 10px 8px 50px; color: #000000;\">24 th&aacute;ng hoặc 30.000km</td>\r\n</tr>\r\n<tr style=\"box-sizing: border-box;\">\r\n<td style=\"box-sizing: border-box; border: none; padding: 8px 10px 8px 50px; color: #6f6f6f;\">D&agrave;i - Rộng - Cao</td>\r\n<td style=\"box-sizing: border-box; border: none; padding: 8px 10px 8px 50px; color: #000000;\">1880 - 680 - 1120mm</td>\r\n</tr>\r\n</tbody>\r\n</table>', 'new'),
(523, 1, 3, '2021-06-15 15:27:13', 'ELEGANT 50', 's39.jpg', 's40.jpg', 's41.jpg', 16000000, 'elegant', '<table style=\"border-collapse: collapse; max-width: 700px; width: 699.995px; color: #212529; font-family: GMVDINPro; font-size: 16px; border: none !important;\" border=\"1\" cellspacing=\"0\">\r\n<tbody style=\"box-sizing: border-box;\">\r\n<tr style=\"box-sizing: border-box;\">\r\n<td style=\"box-sizing: border-box; border: none; padding: 8px 10px 8px 50px; color: #6f6f6f;\">Model</td>\r\n<td style=\"box-sizing: border-box; border: none; padding: 8px 10px 8px 50px; color: #000000;\">Elegant 50</td>\r\n</tr>\r\n<tr style=\"box-sizing: border-box;\">\r\n<td style=\"box-sizing: border-box; border: none; padding: 8px 10px 8px 50px; color: #6f6f6f;\">D&agrave;i - Rộng - Cao</td>\r\n<td style=\"box-sizing: border-box; border: none; padding: 8px 10px 8px 50px; color: #000000;\">1,910mm - 680mm - 1,070mm</td>\r\n</tr>\r\n<tr style=\"box-sizing: border-box;\">\r\n<td style=\"box-sizing: border-box; border: none; padding: 8px 10px 8px 50px; color: #6f6f6f;\">Khoảng c&aacute;ch 2 trục</td>\r\n<td style=\"box-sizing: border-box; border: none; padding: 8px 10px 8px 50px; color: #000000;\">1,225mm</td>\r\n</tr>\r\n<tr style=\"box-sizing: border-box;\">\r\n<td style=\"box-sizing: border-box; border: none; padding: 8px 10px 8px 50px; color: #6f6f6f;\">Tổng trọng lượng kh&ocirc;</td>\r\n<td style=\"box-sizing: border-box; border: none; padding: 8px 10px 8px 50px; color: #000000;\">95kg</td>\r\n</tr>\r\n<tr style=\"box-sizing: border-box;\">\r\n<td style=\"box-sizing: border-box; border: none; padding: 8px 10px 8px 50px; color: #6f6f6f;\">Đường k&iacute;nh v&agrave; h&agrave;nh tr&igrave;nh piston</td>\r\n<td style=\"box-sizing: border-box; border: none; padding: 8px 10px 8px 50px; color: #000000;\">39mm x 41.4mm</td>\r\n</tr>\r\n<tr style=\"box-sizing: border-box;\">\r\n<td style=\"box-sizing: border-box; border: none; padding: 8px 10px 8px 50px; color: #6f6f6f;\">Tỷ số n&eacute;n</td>\r\n<td style=\"box-sizing: border-box; border: none; padding: 8px 10px 8px 50px; color: #000000;\">9.7:1</td>\r\n</tr>\r\n<tr style=\"box-sizing: border-box;\">\r\n<td style=\"box-sizing: border-box; border: none; padding: 8px 10px 8px 50px; color: #6f6f6f;\">Số người ngồi/ Tải trọng</td>\r\n<td style=\"box-sizing: border-box; border: none; padding: 8px 10px 8px 50px; color: #000000;\">2 người/110kg</td>\r\n</tr>\r\n<tr style=\"box-sizing: border-box;\">\r\n<td style=\"box-sizing: border-box; border: none; padding: 8px 10px 8px 50px; color: #6f6f6f;\">Động cơ/ L&agrave;m m&aacute;t/ Truyền động</td>\r\n<td style=\"box-sizing: border-box; border: none; padding: 8px 10px 8px 50px; color: #000000;\">4 th&igrave;/ L&agrave;m m&aacute;t bằng kh&ocirc;ng kh&iacute;/ Hộp số 3 số</td>\r\n</tr>\r\n<tr style=\"box-sizing: border-box;\">\r\n<td style=\"box-sizing: border-box; border: none; padding: 8px 10px 8px 50px; color: #6f6f6f;\">Nhi&ecirc;n liệu sử dụng</td>\r\n<td style=\"box-sizing: border-box; border: none; padding: 8px 10px 8px 50px; color: #000000;\">Xăng kh&ocirc;ng ch&igrave; (tr&ecirc;n A92)</td>\r\n</tr>\r\n<tr style=\"box-sizing: border-box;\">\r\n<td style=\"box-sizing: border-box; border: none; padding: 8px 10px 8px 50px; color: #6f6f6f;\">Ph&acirc;n khối</td>\r\n<td style=\"box-sizing: border-box; border: none; padding: 8px 10px 8px 50px; color: #000000;\">49.5cc</td>\r\n</tr>\r\n<tr style=\"box-sizing: border-box;\">\r\n<td style=\"box-sizing: border-box; border: none; padding: 8px 10px 8px 50px; color: #6f6f6f;\">C&ocirc;ng suất tối đa</td>\r\n<td style=\"box-sizing: border-box; border: none; padding: 8px 10px 8px 50px; color: #000000;\">2.78PS/7500 rpm</td>\r\n</tr>\r\n<tr style=\"box-sizing: border-box;\">\r\n<td style=\"box-sizing: border-box; border: none; padding: 8px 10px 8px 50px; color: #6f6f6f;\">Mức hao xăng</td>\r\n<td style=\"box-sizing: border-box; border: none; padding: 8px 10px 8px 50px; color: #000000;\">1,44L/100km</td>\r\n</tr>\r\n<tr style=\"box-sizing: border-box;\">\r\n<td style=\"box-sizing: border-box; border: none; padding: 8px 10px 8px 50px; color: #6f6f6f;\">Momen cực đại</td>\r\n<td style=\"box-sizing: border-box; border: none; padding: 8px 10px 8px 50px; color: #000000;\">0.3kgf.m/6.500rpm</td>\r\n</tr>\r\n<tr style=\"box-sizing: border-box;\">\r\n<td style=\"box-sizing: border-box; border: none; padding: 8px 10px 8px 50px; color: #6f6f6f;\">Hệ thống thắng trước</td>\r\n<td style=\"box-sizing: border-box; border: none; padding: 8px 10px 8px 50px; color: #000000;\">Phanh trống (đ&ugrave;m)</td>\r\n</tr>\r\n<tr style=\"box-sizing: border-box;\">\r\n<td style=\"box-sizing: border-box; border: none; padding: 8px 10px 8px 50px; color: #6f6f6f;\">Hệ thống thắng sau</td>\r\n<td style=\"box-sizing: border-box; border: none; padding: 8px 10px 8px 50px; color: #000000;\">Phanh trống (đ&ugrave;m)</td>\r\n</tr>\r\n<tr style=\"box-sizing: border-box;\">\r\n<td style=\"box-sizing: border-box; border: none; padding: 8px 10px 8px 50px; color: #6f6f6f;\">Vỏ (lốp trước, c&oacute; ruột)</td>\r\n<td style=\"box-sizing: border-box; border: none; padding: 8px 10px 8px 50px; color: #000000;\">70/80-17</td>\r\n</tr>\r\n<tr style=\"box-sizing: border-box;\">\r\n<td style=\"box-sizing: border-box; border: none; padding: 8px 10px 8px 50px; color: #6f6f6f;\">Vỏ (lốp sau, c&oacute; ruột)</td>\r\n<td style=\"box-sizing: border-box; border: none; padding: 8px 10px 8px 50px; color: #000000;\">80/80-17</td>\r\n</tr>\r\n<tr style=\"box-sizing: border-box;\">\r\n<td style=\"box-sizing: border-box; border: none; padding: 8px 10px 8px 50px; color: #6f6f6f;\">Dung t&iacute;ch b&igrave;nh xăng</td>\r\n<td style=\"box-sizing: border-box; border: none; padding: 8px 10px 8px 50px; color: #000000;\">4L</td>\r\n</tr>\r\n<tr style=\"box-sizing: border-box;\">\r\n<td style=\"box-sizing: border-box; border: none; padding: 8px 10px 8px 50px; color: #6f6f6f;\">Hệ thống đ&aacute;nh lửa</td>\r\n<td style=\"box-sizing: border-box; border: none; padding: 8px 10px 8px 50px; color: #000000;\">C.D.I</td>\r\n</tr>\r\n<tr style=\"box-sizing: border-box;\">\r\n<td style=\"box-sizing: border-box; border: none; padding: 8px 10px 8px 50px; color: #6f6f6f;\">Bảo h&agrave;nh</td>\r\n<td style=\"box-sizing: border-box; border: none; padding: 8px 10px 8px 50px; color: #000000;\">24 th&aacute;ng hoặc 30.000km</td>\r\n</tr>\r\n</tbody>\r\n</table>', 'new'),
(526, 2, 6, '2021-06-15 15:37:35', 'NINJA ZX-10R ABS KRT EDITION', '3.png', 'anh1.png', 's43.jpg', 571100000, 'kawasaki', '<table class=\"version-price-block my-specs\" style=\"border-collapse: collapse; border-spacing: 0px; background: transparent; margin: 10px 0px 0px; padding: 0px; border: 0px; outline: 0px; vertical-align: baseline; width: 880.009px; font-family: Tahoma, Helvetica, sans-serif;\">\r\n<tbody style=\"box-sizing: border-box; margin: 0px; padding: 0px; border: 0px; outline: 0px; vertical-align: baseline; background: transparent;\">\r\n<tr class=\"version-row my-row-a\" style=\"box-sizing: border-box; margin: 0px; padding: 0px; border: 0px; outline: 0px; vertical-align: baseline; background: #f5f5f5;\">\r\n<td class=\"version-row-left\" style=\"box-sizing: border-box; padding: 8px 5px 8px 10px; margin: 0px; border: 1px solid #dddddd; outline: 0px; font-size: 13px; vertical-align: baseline; background: transparent; text-align: center;\">Dung t&iacute;ch xy-lanh : 998cc</td>\r\n<td class=\"version-row-right\" style=\"box-sizing: border-box; padding: 8px 5px 8px 10px; margin: 0px; border: 1px solid #dddddd; outline: 0px; font-size: 13px; vertical-align: baseline; background: transparent;\">Loại động cơ : 4-stroke, 4 cylinder, DOHC, 4-valve, liquid-cooled</td>\r\n</tr>\r\n<tr class=\"version-row my-row-b\" style=\"box-sizing: border-box; margin: 0px; padding: 0px; border: 0px; outline: 0px; vertical-align: baseline; background: transparent;\">\r\n<td class=\"version-row-left\" style=\"box-sizing: border-box; padding: 8px 5px 8px 10px; margin: 0px; border: 1px solid #dddddd; outline: 0px; font-size: 13px; vertical-align: baseline; background: transparent; text-align: center;\">Cỡ lốp trước/sau : 120/70ZR17 - 190/55ZR17</td>\r\n<td class=\"version-row-right\" style=\"box-sizing: border-box; padding: 8px 5px 8px 10px; margin: 0px; border: 1px solid #dddddd; outline: 0px; font-size: 13px; vertical-align: baseline; background: transparent;\">D&agrave;i x Rộng x Cao : 2.090 x 745 mm x 1.145 mm</td>\r\n</tr>\r\n<tr class=\"version-row my-row-a\" style=\"box-sizing: border-box; margin: 0px; padding: 0px; border: 0px; outline: 0px; vertical-align: baseline; background: #f5f5f5;\">\r\n<td class=\"version-row-left\" style=\"box-sizing: border-box; padding: 8px 5px 8px 10px; margin: 0px; border: 1px solid #dddddd; outline: 0px; font-size: 13px; vertical-align: baseline; background: transparent; text-align: center;\">Hệ thống cung cấp nhi&ecirc;n liệu: DFI&reg; with 47mm Mikuni</td>\r\n<td class=\"version-row-right\" style=\"box-sizing: border-box; padding: 8px 5px 8px 10px; margin: 0px; border: 1px solid #dddddd; outline: 0px; font-size: 13px; vertical-align: baseline; background: transparent;\">Độ cao y&ecirc;n : 835 mm</td>\r\n</tr>\r\n<tr class=\"version-row my-row-b\" style=\"box-sizing: border-box; margin: 0px; padding: 0px; border: 0px; outline: 0px; vertical-align: baseline; background: transparent;\">\r\n<td class=\"version-row-left\" style=\"box-sizing: border-box; padding: 8px 5px 8px 10px; margin: 0px; border: 1px solid #dddddd; outline: 0px; font-size: 13px; vertical-align: baseline; background: transparent; text-align: center;\">Dung t&iacute;ch b&igrave;nh xăng : 17 L&iacute;t</td>\r\n<td class=\"version-row-right\" style=\"box-sizing: border-box; padding: 8px 5px 8px 10px; margin: 0px; border: 1px solid #dddddd; outline: 0px; font-size: 13px; vertical-align: baseline; background: transparent;\">T&ecirc;n sản phẩm : Kawasaki ZX-10R</td>\r\n</tr>\r\n<tr class=\"version-row my-row-a\" style=\"box-sizing: border-box; margin: 0px; padding: 0px; border: 0px; outline: 0px; vertical-align: baseline; background: #f5f5f5;\">\r\n<td class=\"version-row-left\" style=\"box-sizing: border-box; padding: 8px 5px 8px 10px; margin: 0px; border: 1px solid #dddddd; outline: 0px; font-size: 13px; vertical-align: baseline; background: transparent; text-align: center;\">Tỷ số n&eacute;n : 13.0:1</td>\r\n<td class=\"version-row-right\" style=\"box-sizing: border-box; padding: 8px 5px 8px 10px; margin: 0px; border: 1px solid #dddddd; outline: 0px; font-size: 13px; vertical-align: baseline; background: transparent;\">Phuộc trước : USD Showa 43mm</td>\r\n</tr>\r\n</tbody>\r\n</table>', 'new'),
(527, 2, 6, '2021-06-15 15:52:33', 'NINJA 650 ABS KRT EDITION', 'dfg.png', 'abc.jpg', 'ab.jpg', 197000000, 'kawasaki650', '<table class=\"version-price-block my-specs\" style=\"border-collapse: collapse; border-spacing: 0px; background: transparent; margin: 10px 0px 0px; padding: 0px; border: 0px; outline: 0px; vertical-align: baseline; width: 880.009px; font-family: Tahoma, Helvetica, sans-serif;\">\r\n<tbody style=\"box-sizing: border-box; margin: 0px; padding: 0px; border: 0px; outline: 0px; vertical-align: baseline; background: transparent;\">\r\n<tr class=\"version-row my-row-a\" style=\"box-sizing: border-box; margin: 0px; padding: 0px; border: 0px; outline: 0px; vertical-align: baseline; background: #f5f5f5;\">\r\n<td class=\"version-row-left\" style=\"box-sizing: border-box; padding: 8px 5px 8px 10px; margin: 0px; border: 1px solid #dddddd; outline: 0px; font-size: 13px; vertical-align: baseline; background: transparent; text-align: center;\">D&agrave;i x Rộng x Cao : 2.055 x 740 x 1.135 mm</td>\r\n<td class=\"version-row-right\" style=\"box-sizing: border-box; padding: 8px 5px 8px 10px; margin: 0px; border: 1px solid #dddddd; outline: 0px; font-size: 13px; vertical-align: baseline; background: transparent;\">Độ cao y&ecirc;n : 790 mm</td>\r\n</tr>\r\n<tr class=\"version-row my-row-b\" style=\"box-sizing: border-box; margin: 0px; padding: 0px; border: 0px; outline: 0px; vertical-align: baseline; background: transparent;\">\r\n<td class=\"version-row-left\" style=\"box-sizing: border-box; padding: 8px 5px 8px 10px; margin: 0px; border: 1px solid #dddddd; outline: 0px; font-size: 13px; vertical-align: baseline; background: transparent; text-align: center;\">Cỡ lốp trước/sau : Dunlop Sportmax 120/70-17 160/60-17</td>\r\n<td class=\"version-row-right\" style=\"box-sizing: border-box; padding: 8px 5px 8px 10px; margin: 0px; border: 1px solid #dddddd; outline: 0px; font-size: 13px; vertical-align: baseline; background: transparent;\">Loại động cơ : 2 xy-lanh, DOHC, 4 th&igrave;, 8 van</td>\r\n</tr>\r\n<tr class=\"version-row my-row-a\" style=\"box-sizing: border-box; margin: 0px; padding: 0px; border: 0px; outline: 0px; vertical-align: baseline; background: #f5f5f5;\">\r\n<td class=\"version-row-left\" style=\"box-sizing: border-box; padding: 8px 5px 8px 10px; margin: 0px; border: 1px solid #dddddd; outline: 0px; font-size: 13px; vertical-align: baseline; background: transparent; text-align: center;\">Dung t&iacute;ch xy-lanh : 649 cc</td>\r\n<td class=\"version-row-right\" style=\"box-sizing: border-box; padding: 8px 5px 8px 10px; margin: 0px; border: 1px solid #dddddd; outline: 0px; font-size: 13px; vertical-align: baseline; background: transparent;\">C&ocirc;ng suất tối đa : 68 m&atilde; lực tại v&ograve;ng tua 8.000 v&ograve;ng/ph&uacute;t</td>\r\n</tr>\r\n<tr class=\"version-row my-row-b\" style=\"box-sizing: border-box; margin: 0px; padding: 0px; border: 0px; outline: 0px; vertical-align: baseline; background: transparent;\">\r\n<td class=\"version-row-left\" style=\"box-sizing: border-box; padding: 8px 5px 8px 10px; margin: 0px; border: 1px solid #dddddd; outline: 0px; font-size: 13px; vertical-align: baseline; background: transparent; text-align: center;\">Hộp số : 6 Cấp</td>\r\n<td class=\"version-row-right\" style=\"box-sizing: border-box; padding: 8px 5px 8px 10px; margin: 0px; border: 1px solid #dddddd; outline: 0px; font-size: 13px; vertical-align: baseline; background: transparent;\">Phanh trước/sau: 300 mm ;220 mm</td>\r\n</tr>\r\n<tr class=\"version-row my-row-a\" style=\"box-sizing: border-box; margin: 0px; padding: 0px; border: 0px; outline: 0px; vertical-align: baseline; background: #f5f5f5;\">\r\n<td class=\"version-row-left\" style=\"box-sizing: border-box; padding: 8px 5px 8px 10px; margin: 0px; border: 1px solid #dddddd; outline: 0px; font-size: 13px; vertical-align: baseline; background: transparent; text-align: center;\">T&ecirc;n sản phẩm : Ninja 650 ABS 2021</td>\r\n<td class=\"version-row-right\" style=\"box-sizing: border-box; padding: 8px 5px 8px 10px; margin: 0px; border: 1px solid #dddddd; outline: 0px; font-size: 13px; vertical-align: baseline; background: transparent;\">Trọng lượng bản th&acirc;n : 193 Kg</td>\r\n</tr>\r\n</tbody>\r\n</table>', 'new');
INSERT INTO `products` (`product_id`, `p_cat_id`, `cat_id`, `date`, `product_title`, `product_img1`, `product_img2`, `product_img3`, `product_price`, `product_keywords`, `product_desc`, `product_label`) VALUES
(528, 2, 1, '2021-06-15 15:49:25', 'Z1000R ABS', 's5.jpg', 's4.jpg', 's6.jpg', 473000000, 'z1000', '<table class=\"version-price-block my-specs\" style=\"border-collapse: collapse; border-spacing: 0px; background: transparent; margin: 10px 0px 0px; padding: 0px; border: 0px; outline: 0px; vertical-align: baseline; width: 880.009px; font-family: Tahoma, Helvetica, sans-serif;\">\r\n<tbody style=\"box-sizing: border-box; margin: 0px; padding: 0px; border: 0px; outline: 0px; vertical-align: baseline; background: transparent;\">\r\n<tr class=\"version-row my-row-a\" style=\"box-sizing: border-box; margin: 0px; padding: 0px; border: 0px; outline: 0px; vertical-align: baseline; background: #f5f5f5;\">\r\n<td class=\"version-row-left\" style=\"box-sizing: border-box; padding: 8px 5px 8px 10px; margin: 0px; border: 1px solid #dddddd; outline: 0px; font-size: 13px; vertical-align: baseline; background: transparent; text-align: center;\">Loại động cơ : 4 th&igrave;, 4 m&aacute;y inline DOHC l&agrave;m m&aacute;t bằng dung dịch</td>\r\n<td class=\"version-row-right\" style=\"box-sizing: border-box; padding: 8px 5px 8px 10px; margin: 0px; border: 1px solid #dddddd; outline: 0px; font-size: 13px; vertical-align: baseline; background: transparent;\">Hệ thống cung cấp nhi&ecirc;n liệu: Phun xăng điện tử</td>\r\n</tr>\r\n<tr class=\"version-row my-row-b\" style=\"box-sizing: border-box; margin: 0px; padding: 0px; border: 0px; outline: 0px; vertical-align: baseline; background: transparent;\">\r\n<td class=\"version-row-left\" style=\"box-sizing: border-box; padding: 8px 5px 8px 10px; margin: 0px; border: 1px solid #dddddd; outline: 0px; font-size: 13px; vertical-align: baseline; background: transparent; text-align: center;\">Cỡ lốp trước/sau : Lốp trước120/70 ZR17 ; Lốp xe ph&iacute;a sau190/50 ZR17</td>\r\n<td class=\"version-row-right\" style=\"box-sizing: border-box; padding: 8px 5px 8px 10px; margin: 0px; border: 1px solid #dddddd; outline: 0px; font-size: 13px; vertical-align: baseline; background: transparent;\">D&agrave;i x Rộng x Cao : 2 044.7 mm x 789.94 mm x 1 054.1 mm</td>\r\n</tr>\r\n<tr class=\"version-row my-row-a\" style=\"box-sizing: border-box; margin: 0px; padding: 0px; border: 0px; outline: 0px; vertical-align: baseline; background: #f5f5f5;\">\r\n<td class=\"version-row-left\" style=\"box-sizing: border-box; padding: 8px 5px 8px 10px; margin: 0px; border: 1px solid #dddddd; outline: 0px; font-size: 13px; vertical-align: baseline; background: transparent; text-align: center;\">Hộp số : 6 cấp</td>\r\n<td class=\"version-row-right\" style=\"box-sizing: border-box; padding: 8px 5px 8px 10px; margin: 0px; border: 1px solid #dddddd; outline: 0px; font-size: 13px; vertical-align: baseline; background: transparent;\">Độ cao y&ecirc;n : 815,34 mm</td>\r\n</tr>\r\n<tr class=\"version-row my-row-b\" style=\"box-sizing: border-box; margin: 0px; padding: 0px; border: 0px; outline: 0px; vertical-align: baseline; background: transparent;\">\r\n<td class=\"version-row-left\" style=\"box-sizing: border-box; padding: 8px 5px 8px 10px; margin: 0px; border: 1px solid #dddddd; outline: 0px; font-size: 13px; vertical-align: baseline; background: transparent; text-align: center;\">Dung t&iacute;ch xy-lanh : 1,043cc</td>\r\n<td class=\"version-row-right\" style=\"box-sizing: border-box; padding: 8px 5px 8px 10px; margin: 0px; border: 1px solid #dddddd; outline: 0px; font-size: 13px; vertical-align: baseline; background: transparent;\">Phanh trước/sau: 310 mm bốn piston monobloc c&oacute; ABS;250mm single-piston c&oacute; ABS</td>\r\n</tr>\r\n<tr class=\"version-row my-row-a\" style=\"box-sizing: border-box; margin: 0px; padding: 0px; border: 0px; outline: 0px; vertical-align: baseline; background: #f5f5f5;\">\r\n<td class=\"version-row-left\" style=\"box-sizing: border-box; padding: 8px 5px 8px 10px; margin: 0px; border: 1px solid #dddddd; outline: 0px; font-size: 13px; vertical-align: baseline; background: transparent; text-align: center;\">Tỷ số n&eacute;n : 11,8: 1</td>\r\n<td class=\"version-row-right\" style=\"box-sizing: border-box; padding: 8px 5px 8px 10px; margin: 0px; border: 1px solid #dddddd; outline: 0px; font-size: 13px; vertical-align: baseline; background: transparent;\">Phuộc trước : H&agrave;nh tr&igrave;nh ngược 41mm SFF-BP</td>\r\n</tr>\r\n</tbody>\r\n</table>', 'new'),
(529, 2, 6, '2021-06-15 15:55:41', 'NINJA ZX-25R SE', 'zx1.png', 'xz3.jpg', 'zx2.jpg', 189000000, 'zx25', '<table class=\"version-price-block my-specs\" style=\"border-collapse: collapse; border-spacing: 0px; background: transparent; margin: 10px 0px 0px; padding: 0px; border: 0px; outline: 0px; vertical-align: baseline; width: 780px; font-family: Tahoma, Helvetica, sans-serif; height: 202px;\">\r\n<tbody style=\"box-sizing: border-box; margin: 0px; padding: 0px; border: 0px; outline: 0px; vertical-align: baseline; background: transparent;\">\r\n<tr class=\"version-row my-row-a\" style=\"box-sizing: border-box; margin: 0px; padding: 0px; border: 0px; outline: 0px; vertical-align: baseline; background: #f5f5f5;\">\r\n<td class=\"version-row-left\" style=\"box-sizing: border-box; padding: 8px 5px 8px 10px; margin: 0px; border: 1px solid #dddddd; outline: 0px; font-size: 13px; vertical-align: baseline; background: transparent; text-align: center;\">D&agrave;i x Rộng x Cao : 1.980mm x 750mm x 1.110mm</td>\r\n<td class=\"version-row-right\" style=\"box-sizing: border-box; padding: 8px 5px 8px 10px; margin: 0px; border: 1px solid #dddddd; outline: 0px; font-size: 13px; vertical-align: baseline; background: transparent;\">Độ cao y&ecirc;n : 785 mm</td>\r\n</tr>\r\n<tr class=\"version-row my-row-b\" style=\"box-sizing: border-box; margin: 0px; padding: 0px; border: 0px; outline: 0px; vertical-align: baseline; background: transparent;\">\r\n<td class=\"version-row-left\" style=\"box-sizing: border-box; padding: 8px 5px 8px 10px; margin: 0px; border: 1px solid #dddddd; outline: 0px; font-size: 13px; vertical-align: baseline; background: transparent; text-align: center;\">Cỡ lốp trước/sau : Trước 110/70-17 ; Sau 150/60-17</td>\r\n<td class=\"version-row-right\" style=\"box-sizing: border-box; padding: 8px 5px 8px 10px; margin: 0px; border: 1px solid #dddddd; outline: 0px; font-size: 13px; vertical-align: baseline; background: transparent;\">Loại động cơ : 4 xy-lanh thẳng h&agrave;ng,DOHC, 16 van, l&agrave;m m&aacute;t bằng dung dịch</td>\r\n</tr>\r\n<tr class=\"version-row my-row-a\" style=\"box-sizing: border-box; margin: 0px; padding: 0px; border: 0px; outline: 0px; vertical-align: baseline; background: #f5f5f5;\">\r\n<td class=\"version-row-left\" style=\"box-sizing: border-box; padding: 8px 5px 8px 10px; margin: 0px; border: 1px solid #dddddd; outline: 0px; font-size: 13px; vertical-align: baseline; background: transparent; text-align: center;\">Dung t&iacute;ch xy-lanh : 250cc</td>\r\n<td class=\"version-row-right\" style=\"box-sizing: border-box; padding: 8px 5px 8px 10px; margin: 0px; border: 1px solid #dddddd; outline: 0px; font-size: 13px; vertical-align: baseline; background: transparent;\">C&ocirc;ng suất tối đa : 33,2 kW tại 15.500 v&ograve;ng ph&uacute;t</td>\r\n</tr>\r\n<tr class=\"version-row my-row-b\" style=\"box-sizing: border-box; margin: 0px; padding: 0px; border: 0px; outline: 0px; vertical-align: baseline; background: transparent;\">\r\n<td class=\"version-row-left\" style=\"box-sizing: border-box; padding: 8px 5px 8px 10px; margin: 0px; border: 1px solid #dddddd; outline: 0px; font-size: 13px; vertical-align: baseline; background: transparent; text-align: center;\">Hộp số : 6 Cấp</td>\r\n<td class=\"version-row-right\" style=\"box-sizing: border-box; padding: 8px 5px 8px 10px; margin: 0px; border: 1px solid #dddddd; outline: 0px; font-size: 13px; vertical-align: baseline; background: transparent;\">Hệ thống cung cấp nhi&ecirc;n liệu: Phun xăng điện tử FI</td>\r\n</tr>\r\n<tr class=\"version-row my-row-a\" style=\"box-sizing: border-box; margin: 0px; padding: 0px; border: 0px; outline: 0px; vertical-align: baseline; background: #f5f5f5;\">\r\n<td class=\"version-row-left\" style=\"box-sizing: border-box; padding: 8px 5px 8px 10px; margin: 0px; border: 1px solid #dddddd; outline: 0px; font-size: 13px; vertical-align: baseline; background: transparent; text-align: center;\">Phanh trước/sau: Phanh đĩa đường k&iacute;nh 310 mm;Phanh đĩa đường k&iacute;nh 220 mm</td>\r\n<td class=\"version-row-right\" style=\"box-sizing: border-box; padding: 8px 5px 8px 10px; margin: 0px; border: 1px solid #dddddd; outline: 0px; font-size: 13px; vertical-align: baseline; background: transparent;\">T&ecirc;n sản phẩm : Kawasaki Ninja ZX-25R 2021</td>\r\n</tr>\r\n</tbody>\r\n</table>', 'new'),
(530, 2, 6, '2021-06-15 15:57:40', 'Z900 RS ABS', 'xf.png', 'xy.png', 'xv.png', 419000000, 'z900', '<table class=\"version-price-block my-specs\" style=\"border-collapse: collapse; border-spacing: 0px; background: transparent; margin: 10px 0px 0px; padding: 0px; border: 0px; outline: 0px; vertical-align: baseline; width: 817px; font-family: Tahoma, Helvetica, sans-serif; height: 197px;\">\r\n<tbody style=\"box-sizing: border-box; margin: 0px; padding: 0px; border: 0px; outline: 0px; vertical-align: baseline; background: transparent;\">\r\n<tr class=\"version-row my-row-a\" style=\"box-sizing: border-box; margin: 0px; padding: 0px; border: 0px; outline: 0px; vertical-align: baseline; background: #f5f5f5;\">\r\n<td class=\"version-row-left\" style=\"box-sizing: border-box; padding: 8px 5px 8px 10px; margin: 0px; border: 1px solid #dddddd; outline: 0px; font-size: 13px; vertical-align: baseline; background: transparent; text-align: center;\">D&agrave;i x Rộng x Cao : 2.100 x 865 x 1.150 (mm)</td>\r\n<td class=\"version-row-right\" style=\"box-sizing: border-box; padding: 8px 5px 8px 10px; margin: 0px; border: 1px solid #dddddd; outline: 0px; font-size: 13px; vertical-align: baseline; background: transparent;\">Độ cao y&ecirc;n : 835 mm</td>\r\n</tr>\r\n<tr class=\"version-row my-row-b\" style=\"box-sizing: border-box; margin: 0px; padding: 0px; border: 0px; outline: 0px; vertical-align: baseline; background: transparent;\">\r\n<td class=\"version-row-left\" style=\"box-sizing: border-box; padding: 8px 5px 8px 10px; margin: 0px; border: 1px solid #dddddd; outline: 0px; font-size: 13px; vertical-align: baseline; background: transparent; text-align: center;\">Cỡ lốp trước/sau : 120/70ZR17 M/C - 180/55ZR17 M/C</td>\r\n<td class=\"version-row-right\" style=\"box-sizing: border-box; padding: 8px 5px 8px 10px; margin: 0px; border: 1px solid #dddddd; outline: 0px; font-size: 13px; vertical-align: baseline; background: transparent;\">Loại động cơ : 4 kỳ, hệ thống cam đ&ocirc;i, 4 xylanh</td>\r\n</tr>\r\n<tr class=\"version-row my-row-a\" style=\"box-sizing: border-box; margin: 0px; padding: 0px; border: 0px; outline: 0px; vertical-align: baseline; background: #f5f5f5;\">\r\n<td class=\"version-row-left\" style=\"box-sizing: border-box; padding: 8px 5px 8px 10px; margin: 0px; border: 1px solid #dddddd; outline: 0px; font-size: 13px; vertical-align: baseline; background: transparent; text-align: center;\">Dung t&iacute;ch xy-lanh : 948 cm3</td>\r\n<td class=\"version-row-right\" style=\"box-sizing: border-box; padding: 8px 5px 8px 10px; margin: 0px; border: 1px solid #dddddd; outline: 0px; font-size: 13px; vertical-align: baseline; background: transparent;\">C&ocirc;ng suất tối đa : 82 kW (111 PS) @ 8,500 rpm</td>\r\n</tr>\r\n<tr class=\"version-row my-row-b\" style=\"box-sizing: border-box; margin: 0px; padding: 0px; border: 0px; outline: 0px; vertical-align: baseline; background: transparent;\">\r\n<td class=\"version-row-left\" style=\"box-sizing: border-box; padding: 8px 5px 8px 10px; margin: 0px; border: 1px solid #dddddd; outline: 0px; font-size: 13px; vertical-align: baseline; background: transparent; text-align: center;\">Hộp số : 6 cấp</td>\r\n<td class=\"version-row-right\" style=\"box-sizing: border-box; padding: 8px 5px 8px 10px; margin: 0px; border: 1px solid #dddddd; outline: 0px; font-size: 13px; vertical-align: baseline; background: transparent;\">Phanh trước/sau: 2 đĩa trước với hệ thống thắng ABS;1 đĩa sau với hệ thống thắng ABS</td>\r\n</tr>\r\n<tr class=\"version-row my-row-a\" style=\"box-sizing: border-box; margin: 0px; padding: 0px; border: 0px; outline: 0px; vertical-align: baseline; background: #f5f5f5;\">\r\n<td class=\"version-row-left\" style=\"box-sizing: border-box; padding: 8px 5px 8px 10px; margin: 0px; border: 1px solid #dddddd; outline: 0px; font-size: 13px; vertical-align: baseline; background: transparent; text-align: center;\">T&ecirc;n sản phẩm : Kawasaki Z900RS 2021</td>\r\n<td class=\"version-row-right\" style=\"box-sizing: border-box; padding: 8px 5px 8px 10px; margin: 0px; border: 1px solid #dddddd; outline: 0px; font-size: 13px; vertical-align: baseline; background: transparent;\">Trọng lượng bản th&acirc;n : 215 kg</td>\r\n</tr>\r\n</tbody>\r\n</table>', 'new');

-- --------------------------------------------------------

--
-- Cấu trúc bảng cho bảng `product_categories`
--

CREATE TABLE `product_categories` (
  `p_cat_id` int(10) NOT NULL,
  `p_cat_title` text NOT NULL,
  `p_cat_desc` text NOT NULL
) ENGINE=InnoDB DEFAULT CHARSET=utf8mb4;

--
-- Đang đổ dữ liệu cho bảng `product_categories`
--

INSERT INTO `product_categories` (`p_cat_id`, `p_cat_title`, `p_cat_desc`) VALUES
(1, 'Xe số', 'Các dòng xe số (xe côn tay)  gây ấn tượng bởi thiết kế trẻ trung cùng công nghệ phun xăng điện tử FI giúp tiết kiệm xăng tối đa, sở hữu mức giá phải chăng, phù hợp với nhiều đối tượng người dùng.'),
(2, 'Xe côn tay', 'Động cơ trên các xe moto (xe thể thao) cho thấy khả năng tăng tốc ấn tượng và cảm giác lái đầy uy lực trên nhiều dải vận tốc. Bên cạnh thiết kế nổi bật mang đậm nết thể thao, các dòng xe moto của hãng còn được trang bị phanh ABS, phuộc Upside down giúp xe lướt êm trên mọi địa hình, van biến thiên VVA cho cảm giác tăng tốc mượt mà và khung thép dạng kim cương giúp trọng lượng nhẹ hơn trong khi vẫn giữ được độ cứng hoàn hảo.'),
(3, ' Xe tay ga ', 'Xe tay ga thế hệ mới được trang bị động cơ Bluecore giúp vận hành bền bỉ, êm ái và tiết kiệm nhiên liệu tối đa. Ngoài thiết kế thời thượng, xe tay ga được trang bị hàng loạt các tính năng hiện đại với mức giá vô cùng hấp dẫn.');

-- --------------------------------------------------------

--
-- Cấu trúc bảng cho bảng `slider`
--

CREATE TABLE `slider` (
  `slide_id` int(10) NOT NULL,
  `slide_name` varchar(255) NOT NULL,
  `slide_image` text NOT NULL,
  `slide_url` varchar(255) NOT NULL
) ENGINE=InnoDB DEFAULT CHARSET=utf8mb4;

--
-- Đang đổ dữ liệu cho bảng `slider`
--

INSERT INTO `slider` (`slide_id`, `slide_name`, `slide_image`, `slide_url`) VALUES
(1, 'slide number 1', 'ASV1zrrSvV9nvFZpUQPW.jpg', 'sdfdsf'),
(2, 'slide number 2', '56d120b4-d3b0-4514-85b0-6ef02475aac5 (2).jpg', ''),
(3, 'slide number 3', '09d4b152-8aad-4c11-8f55-89f7c0b976e8 (2).jpg', ''),
(7, 'Slide 4', 'GHvfxm40H6bZWF17WRDQ.jpg', 'sdfdsf');

--
-- Chỉ mục cho các bảng đã đổ
--

--
-- Chỉ mục cho bảng `admins`
--
ALTER TABLE `admins`
  ADD PRIMARY KEY (`admin_id`);

--
-- Chỉ mục cho bảng `cart`
--
ALTER TABLE `cart`
  ADD PRIMARY KEY (`cart_id`);

--
-- Chỉ mục cho bảng `categories`
--
ALTER TABLE `categories`
  ADD PRIMARY KEY (`cat_id`);

--
-- Chỉ mục cho bảng `customers`
--
ALTER TABLE `customers`
  ADD PRIMARY KEY (`customer_id`);

--
-- Chỉ mục cho bảng `customer_orders`
--
ALTER TABLE `customer_orders`
  ADD PRIMARY KEY (`order_id`);

--
-- Chỉ mục cho bảng `payments`
--
ALTER TABLE `payments`
  ADD PRIMARY KEY (`payment_id`);

--
-- Chỉ mục cho bảng `pending_orders`
--
ALTER TABLE `pending_orders`
  ADD PRIMARY KEY (`order_id`);

--
-- Chỉ mục cho bảng `products`
--
ALTER TABLE `products`
  ADD PRIMARY KEY (`product_id`);

--
-- Chỉ mục cho bảng `product_categories`
--
ALTER TABLE `product_categories`
  ADD PRIMARY KEY (`p_cat_id`);

--
-- Chỉ mục cho bảng `slider`
--
ALTER TABLE `slider`
  ADD PRIMARY KEY (`slide_id`);

--
-- AUTO_INCREMENT cho các bảng đã đổ
--

--
-- AUTO_INCREMENT cho bảng `admins`
--
ALTER TABLE `admins`
  MODIFY `admin_id` int(10) NOT NULL AUTO_INCREMENT, AUTO_INCREMENT=4;

--
-- AUTO_INCREMENT cho bảng `cart`
--
ALTER TABLE `cart`
  MODIFY `cart_id` int(10) NOT NULL AUTO_INCREMENT, AUTO_INCREMENT=16;

--
-- AUTO_INCREMENT cho bảng `categories`
--
ALTER TABLE `categories`
  MODIFY `cat_id` int(11) NOT NULL AUTO_INCREMENT, AUTO_INCREMENT=7;

--
-- AUTO_INCREMENT cho bảng `customers`
--
ALTER TABLE `customers`
  MODIFY `customer_id` int(10) NOT NULL AUTO_INCREMENT, AUTO_INCREMENT=5;

--
-- AUTO_INCREMENT cho bảng `customer_orders`
--
ALTER TABLE `customer_orders`
  MODIFY `order_id` int(10) NOT NULL AUTO_INCREMENT, AUTO_INCREMENT=16;

--
-- AUTO_INCREMENT cho bảng `payments`
--
ALTER TABLE `payments`
  MODIFY `payment_id` int(10) NOT NULL AUTO_INCREMENT, AUTO_INCREMENT=21;

--
-- AUTO_INCREMENT cho bảng `pending_orders`
--
ALTER TABLE `pending_orders`
  MODIFY `order_id` int(10) NOT NULL AUTO_INCREMENT, AUTO_INCREMENT=16;

--
-- AUTO_INCREMENT cho bảng `products`
--
ALTER TABLE `products`
  MODIFY `product_id` int(10) NOT NULL AUTO_INCREMENT, AUTO_INCREMENT=531;

--
-- AUTO_INCREMENT cho bảng `product_categories`
--
ALTER TABLE `product_categories`
  MODIFY `p_cat_id` int(10) NOT NULL AUTO_INCREMENT, AUTO_INCREMENT=8;

--
-- AUTO_INCREMENT cho bảng `slider`
--
ALTER TABLE `slider`
  MODIFY `slide_id` int(10) NOT NULL AUTO_INCREMENT, AUTO_INCREMENT=8;
COMMIT;

/*!40101 SET CHARACTER_SET_CLIENT=@OLD_CHARACTER_SET_CLIENT */;
/*!40101 SET CHARACTER_SET_RESULTS=@OLD_CHARACTER_SET_RESULTS */;
/*!40101 SET COLLATION_CONNECTION=@OLD_COLLATION_CONNECTION */;
